assists,attempted_passes,big_chances_created,big_chances_missed,bonus,bps,clean_sheets,clearances_blocks_interceptions,completed_passes,creativity,dribbles,errors_leading_to_goal,errors_leading_to_goal_attempt,fouls,goals_conceded,goals_scored,ict_index,influence,key_passes,loaned_in,loaned_out,minutes,offside,open_play_crosses,opponent_team,own_goals,penalties_conceded,penalties_missed,penalties_saved,recoveries,red_cards,saves,selected,tackled,tackles,target_missed,team_a_score,team_h_score,threat,total_points,transfers_balance,transfers_in,transfers_out,value,was_home,winning_goals,yellow_cards,t_goals_scored,t_assists,points_per_game,t_minutes,t_goals_conceded,t_creativity,t_influence,threat_t,bonus_t,bps_t,ict_index_t,clean_sheets_t,red_cards_t,yellow_cards_t,selected_by_percent,F_pts,in_dreamteam
0,30,0,0,0,10,0,4,19,0.6,0,0,0,0,1,0,1.2,11.2,0,0,0,90,0,0,13,0,0,0,0,8,0,0,151298,0,0,0,0,1,0,2,-1383,6083,7466,45,0,0,0,1,0,2.6,2205,33,134.5,425.8,158,5,418,71.7,4,0,2,2.5,15,1
0,24,0,1,3,44,0,0,18,2.8,0,0,0,1,1,2,12.4,61.2,0,0,0,90,0,0,7,0,0,0,0,2,0,0,234688,4,0,2,3,1,60,12,5966,7289,1323,107,0,1,1,10,1,3.7,1602,27,239.8,442.4,810,11,310,149.4,4,0,3,3.9,12,1
0,31,0,0,0,1,1,1,24,9.3,2,0,0,2,0,0,1.4,0.2,0,0,0,78,1,0,10,0,0,0,0,1,0,0,2224505,5,0,1,0,1,4,2,169150,185211,16061,69,0,0,0,10,7,4.8,2286,31,497.9,603.6,1067,22,450,216.6,8,0,3,35.8,12,1
0,0,0,0,0,0,0,0,0,0,0,0,0,0,0,0,0,0,0,0,0,0,0,0,7,0,0,0,0,0,0,0,13098,0,0,0,3,1,0,0,953,1132,179,45,0,0,0,0,0,1.3,304,6,27.6,36,24,0,45,8.8,1,0,2,0.2,12,1
0,31,0,0,0,9,0,2,26,14,0,0,0,1,3,0,2.8,11,1,0,0,72,0,0,12,0,0,0,0,2,0,0,283965,1,0,1,0,5,3,2,823,14231,13408,59,0,0,0,7,3,3.6,2066,32,420.4,471.6,782,9,321,167.1,5,0,3,4.6,11,1
0,29,1,0,0,5,1,0,26,13.8,2,0,0,1,0,0,4.6,6.2,1,0,0,65,2,0,10,0,0,0,0,2,0,0,232452,4,0,0,0,1,26,3,2466,15729,13263,61,0,0,0,5,5,3.7,1540,20,291.1,320.2,535,6,242,114.7,6,0,7,3.7,11,1
0,29,0,0,0,7,0,1,24,0,0,0,1,0,2,0,0.2,1.8,0,0,0,90,0,0,6,0,0,0,0,8,0,0,344975,0,0,0,0,2,0,1,-16283,2050,18333,55,0,0,0,0,0,4.4,2160,24,0,620.6,0,7,506,62.1,9,0,0,5.5,10,1
0,24,0,0,0,9,0,0,17,0,0,0,0,0,2,0,1.1,11.2,0,0,0,90,0,0,11,0,0,0,0,4,0,1,179715,0,0,0,1,2,0,1,1277,3624,2347,44,0,0,0,0,0,3.1,2070,36,0,473.6,0,7,368,47.4,4,0,1,2.9,9,1
0,47,0,0,0,9,0,4,33,0.7,1,0,0,1,2,0,2.5,10.6,0,0,0,90,0,0,11,0,0,0,0,6,0,0,355776,0,0,3,1,2,14,1,31896,36806,4910,46,0,0,0,5,2,3.7,2097,36,50.5,727.2,382,6,411,116.1,5,1,4,5.8,9,1
0,27,0,0,0,1,0,0,21,13.5,5,0,0,1,3,0,6.4,10.8,1,0,0,90,1,0,14,0,0,0,0,4,0,0,730227,6,0,1,3,1,40,1,52767,58998,6231,67,1,0,1,7,5,3.8,2153,35,536.6,508,894,9,283,193.9,7,1,7,12,9,1
3,79,3,0,3,72,1,1,64,71.8,0,0,0,0,0,0,14.9,71,5,0,0,90,0,3,18,0,0,0,0,6,0,0,880531,0,2,0,0,5,6,18,57407,68218,10811,52,1,0,0,1,6,5.9,1605,8,459.9,431.6,188,11,456,107.8,11,0,3,15.3,9,1
0,52,0,0,0,19,1,6,44,5.8,0,0,0,0,0,0,3,24.2,0,0,0,90,0,0,17,0,0,0,0,13,0,0,348705,2,2,0,0,2,0,3,-1685,2869,4554,46,1,0,0,1,0,2.5,2252,27,419.2,480,73,1,401,97.3,12,0,5,5.6,9,1
0,67,0,0,2,54,1,11,60,0.9,0,0,0,0,0,2,14.6,93.4,0,0,0,90,0,0,18,0,0,0,0,8,0,0,1762402,1,1,0,0,5,52,20,32036,42299,10263,65,1,0,0,3,3,5.5,2484,15,69.5,741.2,382,15,691,119.4,15,0,1,28.7,8,1
0,26,0,0,0,27,1,0,18,0,0,0,0,0,0,0,2.8,27.6,0,0,0,90,0,0,18,0,0,0,0,9,0,3,1524853,0,0,0,0,5,0,7,8118,15970,7852,60,1,0,0,0,0,4.8,2520,15,0.1,519.2,0,8,578,51.8,16,0,0,24.5,8,1
0,0,0,0,0,0,0,0,0,0,0,0,0,0,0,0,0,0,0,0,0,0,0,0,2,0,0,0,0,0,0,0,57451,0,0,0,1,5,0,0,-412,665,1077,71,1,0,0,2,6,2.8,980,13,314,293,374,1,212,98.3,5,0,0,0.9,8,1
0,17,0,0,2,29,0,0,13,13.8,0,0,0,2,1,1,8.9,29.8,1,0,0,90,0,0,3,0,0,0,0,1,0,0,304895,0,1,2,1,2,45,7,47289,58259,10970,88,1,1,1,9,3,4.1,1835,28,256.5,448.6,757,17,313,146,8,1,3,5.1,8,1
0,102,0,0,1,28,1,3,96,2.1,1,0,0,0,0,0,2.1,14.8,0,0,0,90,0,0,19,0,0,0,0,10,0,0,162317,0,0,1,0,1,4,7,11946,12693,747,60,1,0,0,0,0,4,958,6,31.2,226.2,77,2,273,33.4,7,0,0,2.7,8,1
0,32,0,0,1,31,1,1,28,42.2,1,0,0,1,0,1,14.4,47.6,3,0,0,90,0,1,9,0,0,0,0,3,0,0,130890,2,0,0,0,2,54,9,-6364,3066,9430,51,1,0,0,4,0,3.4,1107,23,468.6,367.8,257,9,237,109.3,2,0,2,2.1,8,1
0,28,0,0,0,8,0,11,19,1.1,0,0,0,0,1,0,3.1,27.6,0,0,0,90,0,0,13,0,0,0,0,2,0,0,9898,0,0,0,0,1,2,1,-20,48,68,45,0,0,1,0,0,1,595,11,46.1,118,29,0,57,19.5,0,0,3,0.2,8,1
0,20,0,0,0,28,1,0,6,0,0,0,0,0,0,0,2.5,25.2,0,0,0,90,0,0,9,0,0,0,0,6,0,4,13724,0,0,0,0,2,0,7,124,388,264,43,1,0,0,0,0,6.7,270,2,0,92.4,0,3,72,9.2,2,0,0,0.2,8,1
0,24,0,0,0,0,1,0,20,14.6,1,0,0,0,0,0,3.5,1.2,1,0,0,83,1,0,17,0,0,0,0,2,0,0,161277,7,1,2,0,2,19,2,-7998,13187,21185,95,1,0,0,2,0,4.8,327,8,69.9,85.2,158,3,71,31.3,2,0,0,2.7,8,1
0,53,0,0,0,14,0,5,48,0.6,0,0,0,0,2,0,2.8,21,0,0,0,90,0,0,11,0,0,0,0,8,0,0,138707,1,0,1,1,2,6,1,-6781,264,7045,45,0,0,0,2,0,2.6,2161,37,74.4,564,166,5,399,80.8,5,1,4,2.2,7,0
0,0,0,0,0,0,0,0,0,0,0,0,0,0,0,0,0,0,0,0,0,0,0,0,15,0,0,0,0,0,0,0,180095,0,0,0,0,2,0,0,148,6925,6777,46,0,0,0,0,6,2.9,1921,37,461.5,400.2,146,5,346,101.2,5,0,4,2.8,7,0
0,34,0,0,0,19,1,0,23,0,0,0,0,0,0,0,0.4,4.4,0,0,0,90,0,0,5,0,0,0,0,5,0,0,791270,0,0,0,3,0,0,6,-4112,4971,9083,49,0,0,0,0,0,3.7,2520,39,10,605.8,0,10,485,61.5,7,0,1,12.7,7,0
0,58,0,0,0,27,1,9,54,0.6,0,0,0,0,0,0,3,29.2,0,0,0,90,0,0,18,0,0,0,0,1,0,0,44565,1,0,0,0,5,0,6,12656,13840,1184,49,1,0,0,1,0,3.6,815,7,23,242.8,63,5,218,32.9,5,0,3,0.7,7,0
0,73,1,2,0,8,1,0,62,40.9,1,0,0,0,0,0,10.8,8.4,3,0,0,90,1,0,19,0,0,0,0,3,0,0,261552,3,1,2,0,1,59,3,6457,12401,5944,85,1,0,0,6,4,4.4,1713,12,826.4,543,889,11,463,225.9,10,0,1,4.2,7,0
0,15,0,1,0,-3,0,0,13,31.8,2,0,0,2,2,0,7,6.4,3,0,0,90,0,0,6,0,0,0,0,2,0,0,845783,7,1,1,0,2,32,1,45415,49336,3921,124,0,0,1,15,6,5.9,2063,26,384.2,738.8,1130,21,509,225.3,8,0,5,13.7,7,0
0,17,0,0,0,11,0,12,12,0.1,0,0,0,1,1,0,2.1,20.6,0,0,0,90,0,0,13,0,0,0,0,2,0,0,31591,0,0,0,0,1,0,2,2256,2782,526,42,0,0,0,0,1,1.8,1236,23,39,260.8,105,1,190,40.4,1,0,1,0.5,7,0
0,0,0,0,0,0,0,0,0,0,0,0,0,0,0,0,0,0,0,0,0,0,0,0,13,0,0,0,0,0,0,0,23379,0,0,0,0,1,0,0,-777,686,1463,48,0,0,0,1,3,2.4,1602,22,219.9,266,105,2,245,59,4,1,5,0.4,7,0
0,0,0,0,0,0,0,0,0,0,0,0,0,0,0,0,0,0,0,0,0,0,0,0,10,0,0,0,0,0,0,0,14448,0,0,0,0,1,0,0,-62,45,107,42,0,0,0,0,0,0,0,0,0,0,0,0,0,0,0,0,0,0.2,7,0
0,0,0,0,0,0,0,0,0,0,0,0,0,0,0,0,0,0,0,0,0,0,0,0,10,0,0,0,0,0,0,0,30785,0,0,0,0,1,0,0,-122,1963,2085,42,0,0,0,2,0,2.6,776,11,44.2,241.4,124,4,167,40.8,2,0,5,0.5,7,0
0,55,0,0,0,24,1,7,36,6.8,2,0,0,2,0,0,3.2,21,0,0,0,90,0,0,5,0,0,0,0,6,0,0,494574,0,2,0,3,0,4,5,6099,19316,13217,53,0,0,1,3,3,3.7,2070,31,749.6,613.8,215,12,470,157.8,6,1,4,7.8,7,0
0,47,0,0,1,26,1,5,41,1.6,0,0,0,2,0,0,3.8,18.2,0,0,0,81,0,0,20,0,0,0,0,6,0,0,171851,1,2,1,0,1,18,7,-993,2170,3163,39,1,0,0,1,0,4.3,172,6,1.9,67.8,52,1,52,12.2,1,0,0,2.8,7,0
0,19,0,0,0,26,1,5,14,16.2,0,0,0,1,0,0,3.7,19,1,0,0,90,0,1,9,0,0,0,0,6,0,0,32036,5,4,0,0,2,2,6,2091,3115,1024,40,1,0,0,0,0,1.6,984,14,58.4,161.4,84,0,140,30,2,1,2,0.5,7,0
0,13,0,0,0,5,0,0,9,0.8,1,0,0,1,2,0,0.7,0,0,0,0,77,0,0,14,0,0,0,0,3,0,0,64581,1,1,3,3,1,11,2,8584,13396,4812,65,1,0,0,1,1,3.5,200,3,4.7,54.4,129,1,41,18.4,0,0,0,1.1,7,0
0,33,0,0,0,5,0,0,26,16.5,0,0,0,0,0,0,2.4,5.2,1,0,0,59,0,0,17,0,0,0,0,1,0,0,1509134,3,1,0,0,2,2,1,-24632,22944,47576,108,1,0,0,12,10,6.4,2074,26,1003.6,907.6,1064,21,599,297.9,9,0,2,24.4,6,0
0,51,1,0,0,14,0,3,36,22.3,0,0,0,1,2,0,5.2,14.6,2,0,0,90,0,0,16,0,0,0,0,7,0,0,58171,1,0,0,0,2,15,1,451,1300,849,42,0,0,0,1,0,1.6,1686,34,143.2,414.6,296,0,275,85.6,2,0,5,0.9,6,0
0,18,0,0,0,8,0,0,9,0,0,0,0,0,5,0,1.8,17.8,0,0,0,90,0,0,1,0,0,0,0,2,0,1,513063,0,0,0,1,5,0,0,16603,20171,3568,40,0,0,0,0,0,3.7,540,11,0,146.2,0,2,106,14.7,2,0,1,8.3,6,0
0,35,0,0,0,12,0,1,29,46.2,3,0,0,0,2,0,8.6,14.4,3,0,0,90,1,0,11,0,0,0,0,4,0,0,27966,4,0,0,1,2,25,2,-93,239,332,52,0,0,0,1,5,2.5,1289,27,371.7,278.2,277,1,209,92.7,2,0,3,0.5,6,0
0,15,1,0,0,6,0,0,7,10.7,0,0,0,3,2,0,3.5,2.4,1,0,0,70,0,0,15,0,0,0,0,2,0,0,186811,1,0,0,0,2,22,2,72136,76025,3889,57,0,0,0,8,3,3.3,1502,24,230,384.8,711,10,268,132,5,0,5,3.1,6,0
1,44,0,0,3,34,1,6,37,13.3,0,0,0,1,0,0,5.5,37.6,1,0,0,90,0,0,17,0,0,0,0,4,0,0,498277,1,0,0,0,2,4,12,-4384,1361,5745,63,1,0,0,0,4,4.1,2430,29,408,562.4,132,7,596,110.7,12,0,1,8.1,6,0
1,55,1,0,2,37,1,2,47,36,1,0,0,0,0,0,9,32.8,3,0,0,90,1,0,5,0,0,0,0,4,0,0,65902,2,0,0,3,0,21,11,-1578,431,2009,52,0,0,0,1,1,3.1,1838,28,256,347.4,139,5,339,74.1,6,0,1,1.1,6,0
0,59,0,0,0,24,1,7,52,0.7,0,0,0,2,0,0,1.7,14.2,0,0,0,90,0,0,5,0,0,0,0,3,0,0,237698,0,0,0,3,0,2,6,-1145,6089,7234,49,0,0,0,1,2,3.6,2250,34,78.7,567.8,268,14,455,91.8,7,0,2,3.8,6,0
0,39,0,1,0,1,0,0,31,6.8,2,0,0,0,0,0,6.7,5.2,0,0,0,54,2,0,19,0,0,0,0,2,0,0,111838,2,1,1,0,1,55,1,895,1746,851,82,1,0,0,5,2,3.3,1015,7,296.2,308.8,548,9,235,115.2,3,0,0,1.8,6,0
0,26,0,0,0,20,1,0,23,0,0,0,0,0,0,0,1.2,11.8,0,0,0,90,0,0,19,0,0,0,0,2,0,1,1262999,0,0,0,0,1,0,6,21293,29887,8594,56,1,0,0,0,1,4.2,2520,20,33,434.8,0,4,506,46.8,13,0,2,20.4,6,0
0,24,0,0,0,1,0,0,16,3.3,1,0,0,1,3,0,1.1,3.2,0,0,0,72,1,0,12,0,0,0,0,3,0,0,186385,5,0,0,0,5,4,2,69892,78204,8312,55,0,0,0,6,4,4.3,1452,18,319.7,349,440,7,243,110.5,7,0,2,3.3,6,0
0,36,0,0,0,19,0,1,19,0,0,0,0,0,1,0,3.6,35.8,0,0,0,90,0,0,13,0,0,0,0,11,0,5,1035517,0,0,0,0,1,0,3,-15070,5675,20745,47,0,0,0,0,0,3.8,2520,41,10,832.6,0,13,541,84.1,4,0,0,16.8,6,0
0,49,0,0,0,16,0,9,38,1,0,0,0,0,1,0,3.5,30,0,0,0,90,0,0,10,0,0,0,0,5,0,0,263623,0,2,1,0,1,4,2,21319,26037,4718,46,0,0,0,3,0,3.2,2268,32,66,690.4,200,8,440,95.2,5,1,1,4.3,6,0
0,33,0,0,0,13,0,4,28,0.2,0,0,0,1,1,0,1.1,11.2,0,0,0,90,0,0,10,0,0,0,0,8,0,0,42385,0,0,0,0,1,0,2,1300,1973,673,45,0,0,0,0,0,2.4,2520,35,22.9,435,0,5,435,45.6,6,0,5,0.7,6,0
0,0,0,0,0,0,0,0,0,0,0,0,0,0,0,0,0,0,0,0,0,0,0,0,10,0,0,0,0,0,0,0,5078,0,0,0,0,1,0,0,-55,31,86,43,0,0,0,0,0,1.1,508,8,78.9,88,21,0,76,18.8,0,0,1,0.1,6,0
0,0,0,0,0,0,0,0,0,0,0,0,0,0,0,0,0,0,0,0,0,0,0,0,11,0,0,0,0,0,0,0,6767,0,0,0,1,2,0,0,-50,59,109,42,0,0,0,0,1,2,904,13,89.1,224.8,35,0,146,35,1,0,2,0.1,6,0
0,0,0,0,0,0,0,0,0,0,0,0,0,0,0,0,0,0,0,0,0,0,0,0,13,0,0,0,0,0,0,0,70395,0,0,0,0,1,0,0,2399,5631,3232,50,0,0,0,2,4,2.7,1662,25,741.7,381.8,286,9,290,140.7,3,0,8,1.1,6,0
0,43,0,0,0,13,0,5,39,7,1,0,0,0,2,0,3.6,21.2,0,0,0,90,0,1,11,0,0,0,0,5,0,0,12931,1,0,0,1,2,8,0,1016,1347,331,43,0,0,1,0,1,1.7,1710,33,265.4,365.2,47,1,283,67.8,2,0,3,0.2,6,0
0,0,0,0,0,0,0,0,0,0,0,0,0,0,0,0,0,0,0,0,0,0,0,0,5,0,0,0,0,0,0,0,35157,0,0,0,3,0,0,0,-7669,27,7696,50,0,0,0,1,2,2.7,1803,32,76.8,397,138,7,334,61.5,4,1,3,0.6,6,0
2,64,1,0,1,45,1,0,53,27.3,3,0,0,3,0,0,7.8,43,2,0,0,90,0,1,18,0,0,0,0,4,0,0,2383956,1,0,1,0,5,8,13,29021,41497,12476,68,1,0,0,0,9,6.3,2323,13,512,540.6,216,24,669,126.9,16,0,2,38.4,5,0
1,44,1,1,1,24,0,3,35,37.3,5,0,0,1,3,0,9.2,43,3,0,0,90,0,1,14,0,0,0,0,5,0,0,163420,2,0,1,3,1,12,5,25580,28460,2880,44,1,0,0,4,2,3,1189,20,170.7,330.2,357,3,226,86,2,0,1,2.8,5,0
0,0,0,0,0,0,0,0,0,0,0,0,0,0,0,0,0,0,0,0,0,0,0,0,14,0,0,0,0,0,0,0,1718864,0,0,0,3,1,0,0,-276142,695,276837,45,1,0,0,0,1,3.4,2234,32,198.2,595.6,127,14,462,92.3,9,1,4,26.6,5,0
0,0,0,0,0,0,0,0,0,0,0,0,0,0,0,0,0,0,0,0,0,0,0,0,19,0,0,0,0,0,0,0,697083,0,0,0,0,1,0,0,38362,42748,4386,64,1,0,0,1,1,4.3,1898,14,248.4,368.6,120,6,463,73.7,11,0,1,11.2,5,0
0,20,0,0,0,6,1,1,12,13.5,0,0,0,2,0,0,1.8,0.8,1,0,0,63,0,0,9,0,0,0,0,7,0,0,27604,1,0,0,0,2,4,2,1527,2153,626,55,1,0,0,2,1,1.9,840,13,102.2,136.8,364,1,100,60,5,0,1,0.4,5,0
0,2,0,1,0,0,0,0,2,0,0,0,0,0,2,0,4,6,0,0,0,17,0,0,12,0,0,0,0,0,0,0,33064,0,0,0,0,5,34,1,-561,363,924,59,0,0,0,4,0,2.4,800,13,115.9,171,374,4,121,65.3,3,0,1,0.5,5,0
0,13,0,0,0,10,0,8,11,0,0,0,0,0,1,0,1.6,16.2,0,0,0,90,0,0,13,0,0,0,0,4,0,0,66704,1,0,0,0,1,0,2,10282,12156,1874,43,0,0,0,1,0,2.3,2340,35,48.8,519.6,138,2,412,70.7,4,0,3,1.1,5,0
0,9,0,0,0,3,0,0,8,0.6,0,0,0,0,1,0,0.6,5.2,0,0,0,7,0,0,14,0,0,0,0,1,0,0,13394,0,0,0,3,1,0,1,-3,133,136,47,1,0,0,0,2,2.2,1452,23,171.2,233.4,171,0,182,57.3,8,0,2,0.2,5,0
0,0,0,0,0,0,0,0,0,0,0,0,0,0,0,0,0,0,0,0,0,0,0,0,13,0,0,0,0,0,0,0,89889,0,0,0,0,1,0,0,880,2763,1883,61,0,0,0,5,3,3.4,960,15,92.1,225.6,433,7,202,74.5,5,0,1,1.5,5,0
0,30,0,0,0,5,0,4,20,0.9,0,0,0,1,1,0,0.7,6.4,0,0,0,90,0,0,10,0,0,0,0,5,0,0,733895,0,0,0,0,1,0,1,4736,15869,11133,42,0,0,1,1,0,2.5,2430,33,122.2,448,128,1,363,69.9,6,0,9,11.8,5,0
0,26,0,0,0,4,0,0,22,26,2,0,0,1,2,0,8.9,6.8,2,0,0,90,1,0,16,0,0,0,0,2,0,0,26080,4,0,0,0,2,56,2,4941,6472,1531,55,0,0,0,1,2,3.3,487,13,113.8,86.2,182,0,72,38.2,0,0,2,0.4,5,0
1,32,1,0,0,24,0,1,26,22.9,1,0,0,0,1,0,5.8,23.6,2,0,0,68,0,0,3,0,0,0,0,1,0,0,8005,0,0,1,1,2,11,5,-12,792,804,60,1,0,0,0,1,2.7,231,6,69.7,46.8,62,0,46,17.9,0,0,1,0.1,5,0
0,5,0,0,0,26,0,2,5,1.1,1,0,0,0,0,1,6.8,41,0,0,0,26,2,0,2,0,0,0,0,0,0,0,691756,1,0,0,1,5,26,5,39683,79288,39605,95,1,0,0,12,8,5,1829,22,341.9,684.2,928,19,471,195,4,0,2,11,4,0
0,0,0,0,0,0,0,0,0,0,0,0,0,0,0,0,0,0,0,0,0,0,0,0,11,0,0,0,0,0,0,0,11440,0,0,0,1,2,0,0,-895,52,947,50,0,0,0,2,0,1.9,529,7,27.1,97.6,271,2,62,39,1,0,1,0.2,4,0
0,32,0,0,0,9,0,2,20,26.3,1,0,0,1,1,0,5.9,10.4,2,0,0,76,0,1,7,0,0,0,0,3,0,0,5792,2,0,0,3,1,22,2,-135,107,242,53,0,0,0,0,1,2,558,6,148.4,98.4,48,0,95,29.5,1,0,2,0.1,4,0
0,58,0,0,0,14,0,1,49,27.5,0,0,0,1,1,0,4.1,12.2,2,0,0,89,0,1,7,0,0,0,0,2,0,0,72398,3,3,1,3,1,1,2,8,211,203,54,0,0,0,1,0,2.2,652,11,152.2,129.2,66,3,106,34.8,1,0,2,1.2,4,0
0,0,0,0,0,0,0,0,0,0,0,0,0,0,0,0,0,0,0,0,0,0,0,0,9,0,0,0,0,0,0,0,17429,0,0,0,0,2,0,0,-384,395,779,51,1,0,0,3,0,2.3,1109,21,299.5,237.4,319,2,180,85.5,3,0,2,0.3,4,0
0,68,0,0,0,15,0,9,57,28.3,0,0,0,0,2,0,4.6,17.8,1,0,0,90,0,2,6,1,0,0,0,9,0,0,1134765,1,1,0,0,2,0,-1,-60666,4780,65446,62,0,0,0,1,5,4.3,1825,19,649.4,480.2,112,10,463,124.2,8,0,2,17.9,4,0
0,38,0,0,0,42,1,0,32,7.2,1,0,0,1,0,2,13.5,64.6,0,0,0,77,1,0,18,0,0,0,0,1,0,0,1395985,5,0,1,0,5,63,13,38066,60451,22385,96,1,1,0,14,2,6,2183,14,437.8,684.2,964,16,478,208.6,14,0,1,23.3,3,0
0,48,0,0,0,7,1,0,38,9.7,7,0,0,0,0,0,9.3,15.8,0,0,0,90,0,0,18,0,0,0,0,3,0,0,3074260,10,1,1,0,5,67,3,-43453,16296,59749,136,1,0,0,17,8,7,2373,13,750.5,921,1533,15,541,320.7,16,0,0,48.6,3,0
0,17,0,1,0,1,0,0,14,11.2,1,0,0,0,0,0,5.3,11.6,0,0,0,35,0,2,19,0,0,0,0,1,0,0,753839,3,1,1,0,1,30,1,108742,120532,11790,113,1,0,0,12,13,7,1989,17,744.8,815.6,1112,20,596,267.4,10,0,2,12.4,3,0
0,54,0,0,0,17,0,2,50,14.3,0,0,0,1,2,0,3.3,10.8,1,0,0,80,0,0,11,0,0,0,0,7,0,0,189093,0,1,0,1,2,8,2,-1376,360,1736,44,0,0,0,1,0,2,1584,31,122.8,277.4,46,2,235,44.5,3,1,4,3,3,0
0,48,0,0,3,31,0,2,39,12.3,1,0,0,0,2,1,7.7,41.8,1,0,0,90,0,0,11,0,0,0,0,5,0,0,6192,0,0,1,1,2,23,10,-104,62,166,48,0,0,0,1,1,2.5,2042,36,191.7,321.2,113,3,284,62.8,3,0,2,0.1,3,0
0,0,0,0,0,0,0,0,0,0,0,0,0,0,0,0,0,0,0,0,0,0,0,0,14,0,0,0,0,0,0,0,178830,0,0,0,3,1,0,0,-4187,250,4437,45,1,0,0,0,0,3.8,1485,25,0,333.8,0,6,295,33.4,5,0,0,2.9,3,0
0,64,0,0,0,13,1,4,55,19,0,0,0,3,0,0,3.1,11.8,1,0,0,90,0,1,5,0,0,0,0,9,0,0,126658,1,0,0,3,0,0,3,-2042,765,2807,42,0,0,0,0,1,1.8,375,7,85.5,73.4,10,0,80,16.9,1,0,1,2,3,0
1,67,0,0,0,27,1,5,58,38.9,2,0,0,1,0,0,9.4,45.2,3,0,0,90,0,0,5,0,0,0,0,7,0,0,16595,2,1,0,3,0,10,6,56,204,148,47,0,0,0,0,1,2.1,1962,25,202.1,438.6,68,0,309,70.9,6,0,5,0.3,3,0
0,35,0,0,3,53,1,2,28,15.3,2,0,0,1,0,2,12.5,75.8,1,0,0,87,0,0,5,0,0,0,0,6,0,0,342832,3,1,0,3,0,34,16,2719,19074,16355,72,0,1,0,11,3,4.8,2255,34,741.7,716.2,761,17,498,221.8,8,0,3,5.7,3,0
0,30,0,0,0,17,1,2,25,41.6,1,0,0,0,0,0,5.8,16.8,3,0,0,77,0,1,20,0,0,0,0,3,0,0,4051,2,1,0,0,1,0,3,-157,20,177,48,1,0,0,1,0,2.2,1505,27,349.7,189.6,408,0,162,94.6,6,0,1,0.1,3,0
0,21,0,0,0,5,0,1,19,1.8,0,0,0,0,0,0,0.8,4.6,0,0,0,20,0,0,18,0,0,0,0,2,0,0,34835,0,1,0,0,5,2,1,115,260,145,53,1,0,0,0,0,1.7,1321,10,193,204.2,51,0,257,45.1,7,1,0,0.6,3,0
0,45,0,0,0,9,1,1,39,4,1,0,0,0,0,0,1.8,7.4,0,0,0,83,0,0,18,0,0,0,0,4,0,0,65035,3,0,0,0,5,7,3,3705,5038,1333,55,1,0,0,2,1,3.1,2018,10,275.1,309.4,278,6,327,86.4,14,0,3,1.1,3,0
0,90,0,0,0,18,1,2,84,16.4,0,0,0,0,0,0,3.3,13.8,1,0,0,90,0,0,19,0,0,0,0,3,0,0,144029,0,2,1,0,1,3,3,14982,17817,2835,54,1,0,0,5,2,3.6,1321,12,456.9,374.6,385,8,349,121.7,7,0,2,2.3,3,0
1,24,2,0,0,21,0,0,22,34.3,1,0,0,0,0,0,6.3,6.4,3,0,0,33,0,0,19,0,0,0,0,0,0,0,444776,0,0,1,0,1,22,4,37530,49232,11702,75,1,0,0,5,7,4.1,2104,19,733.8,567.6,683,11,476,198.7,9,0,3,7.3,3,0
0,105,0,0,0,15,1,3,97,25.1,0,0,0,2,0,0,4.6,20.8,1,0,0,90,0,1,19,0,0,0,0,9,0,0,6922,1,0,0,0,1,0,3,2059,2428,369,47,1,0,0,0,3,4.4,413,2,132.3,147.8,30,1,111,31,3,0,0,0.1,3,0
0,15,1,0,0,7,0,0,13,11.5,1,0,0,0,1,0,1.9,3.8,1,0,0,45,0,0,13,0,0,0,0,3,0,0,2770,2,0,0,0,1,4,1,567,682,115,64,0,0,0,0,0,0.5,59,1,12.8,4.4,26,0,7,4.3,0,0,1,0.1,3,0
0,10,0,0,0,4,0,0,8,3.8,1,0,0,0,1,0,0.9,1.4,0,0,0,24,0,0,10,0,0,0,0,1,0,0,37558,0,0,0,0,1,4,1,-1429,226,1655,43,0,0,0,0,1,1.4,473,10,105,51.4,48,0,77,20.2,2,0,1,0.6,3,0
0,22,0,0,0,0,0,1,16,5.1,1,0,0,1,1,0,0.3,0,0,0,0,75,1,0,13,0,1,0,0,2,0,0,961253,2,0,0,0,1,0,2,-120513,14076,134589,72,0,0,0,8,4,4.5,2370,38,811.8,699.8,571,17,491,208,5,0,3,15.4,3,0
0,26,0,0,0,3,0,0,24,4,1,0,0,0,1,0,1.1,0.4,0,0,0,39,0,0,11,0,0,0,0,3,0,0,1440,1,0,1,1,2,7,1,17,34,17,46,0,0,0,0,0,1.4,1014,17,108.9,129.2,136,0,83,37.4,1,0,3,0,3,0
0,0,0,0,0,0,0,0,0,0,0,0,0,0,0,0,0,0,0,0,0,0,0,0,11,0,0,0,0,0,0,0,36579,0,0,0,1,2,0,0,-8,40,48,67,0,0,0,0,0,1.5,461,5,61.7,46.2,73,0,32,18,3,0,2,0.6,3,0
0,0,0,0,0,0,0,0,0,0,0,0,0,0,0,0,0,0,0,0,0,0,0,0,17,0,0,0,0,0,0,0,288968,0,0,0,0,2,0,0,-14118,536,14654,55,1,0,0,0,0,3.8,2340,29,0.1,447.4,0,4,493,44.5,11,0,1,4.6,3,0
0,0,0,0,0,0,0,0,0,0,0,0,0,0,0,0,0,0,0,0,0,0,0,0,10,0,0,0,0,0,0,0,16400,0,0,0,0,1,0,0,-3,199,202,51,0,0,0,1,1,1.5,684,9,230.3,186,246,2,136,66.1,0,0,1,0.3,3,0
0,17,0,0,0,4,0,0,13,2.7,1,0,0,0,0,0,1,1.6,0,0,0,29,0,0,5,0,0,0,0,1,0,0,12448,0,0,0,3,0,6,1,-337,203,540,59,0,0,0,0,4,2.3,1291,14,403.5,226.8,162,4,195,79.2,6,0,5,0.2,3,0
0,47,0,0,0,13,0,1,41,5,2,0,0,0,1,0,1.8,13.4,0,0,0,90,0,0,10,0,0,0,0,6,0,0,42663,1,0,0,0,1,0,2,690,2445,1755,43,0,0,0,1,0,2.6,670,11,56.6,167.8,103,1,100,32.8,1,0,1,0.7,3,0
0,37,0,0,3,37,1,0,33,28.4,0,0,0,0,0,1,11.2,36.4,2,0,0,84,1,0,19,0,0,0,0,3,0,0,2262721,1,0,1,0,1,47,9,338458,346835,8377,116,1,1,0,18,8,6.6,1748,13,373,785.2,1239,21,598,239.6,11,0,4,37.3,2,0
0,29,0,0,0,16,0,0,23,0,0,0,0,0,1,0,2.4,23.6,0,0,0,90,0,0,2,0,0,0,0,6,0,4,156556,0,0,0,1,5,0,3,2302,5783,3481,48,1,0,0,0,0,3,1935,29,0,531.6,0,3,382,53.1,3,0,0,2.5,2,0
0,69,0,0,1,30,0,8,65,1.4,0,0,0,1,1,1,7.3,53,0,0,0,90,0,0,2,0,0,0,0,4,0,0,52106,0,1,0,1,5,19,9,-2945,1612,4557,54,1,0,0,3,0,4.2,778,12,5.3,322.4,97,5,199,42.4,1,0,1,0.8,2,0
0,81,0,0,0,17,0,8,74,3.1,0,0,0,0,1,0,2.3,19.8,0,0,0,90,0,0,2,0,0,0,0,4,0,0,58691,0,0,0,1,5,0,2,-3042,625,3667,54,1,0,0,1,3,3.4,1140,17,121.3,282.2,167,4,230,57,2,0,2,0.9,2,0
0,0,0,0,0,0,0,0,0,0,0,0,0,0,0,0,0,0,0,0,0,0,0,0,2,0,0,0,0,0,0,0,65930,0,0,0,1,5,0,0,1320,2318,998,54,1,0,0,2,0,2.5,1891,30,54.2,546.6,191,2,359,79.5,4,0,6,1,2,0
0,66,0,0,0,6,0,2,58,1.5,0,0,0,2,1,0,1.4,10,0,0,0,90,0,0,2,0,0,0,0,0,0,0,67340,0,0,0,1,5,2,1,1093,1430,337,51,1,0,1,0,2,2.3,1568,24,53.3,353.6,43,3,282,45.2,3,0,8,1.1,2,0
0,19,0,0,0,2,0,1,18,13.3,0,0,0,0,0,0,2.6,3.4,1,0,0,33,0,0,2,0,0,0,0,1,0,0,117904,1,0,1,1,5,9,1,-10276,3878,14154,54,1,0,0,3,6,3,1429,25,371.4,331,410,1,279,111.1,2,0,0,1.8,2,0
0,15,0,0,0,-2,0,0,13,0.9,0,0,0,1,2,0,2.1,0,0,0,0,34,0,0,1,0,0,0,0,2,0,0,232834,1,0,0,1,5,20,-1,90,3852,3762,41,0,0,1,1,0,2,1258,30,190.8,244.4,144,0,220,58,3,0,3,3.7,2,0
0,24,0,0,0,14,0,5,22,25.9,1,1,0,1,4,0,4.5,19.2,2,0,0,69,0,1,1,0,0,0,0,3,0,0,29615,1,3,0,1,5,0,0,674,1268,594,43,0,0,0,1,0,2.7,1574,24,132.3,259,100,0,273,49.2,6,1,4,0.5,2,0
0,30,0,0,0,15,0,5,24,3.2,0,0,0,0,5,0,1.8,13.2,0,0,0,90,0,0,1,0,0,0,0,5,0,0,317394,0,1,0,1,5,2,0,-664,5797,6461,50,0,0,0,3,0,3,2511,53,41.5,720.4,313,6,504,107.5,7,0,2,5.1,2,0
0,0,0,0,0,0,0,0,0,0,0,0,0,0,0,0,0,0,0,0,0,0,0,0,1,0,0,0,0,0,0,0,368784,0,0,0,1,5,0,0,10580,15493,4913,38,0,0,0,0,0,0,0,0,0,0,0,0,0,0,0,0,0,5.9,2,0
0,58,0,0,0,18,0,6,49,13.9,0,0,0,0,5,0,3.5,21.2,1,0,0,90,0,0,1,0,0,0,0,7,0,0,9366,0,1,0,1,5,0,2,-56,78,134,46,0,0,0,0,0,1.9,1258,36,158.9,160.4,36,0,183,35.6,3,0,2,0.2,2,0
0,26,0,0,0,7,0,2,21,17.2,0,0,0,2,5,0,5.2,10.4,1,0,0,79,1,0,1,0,0,0,0,0,0,0,1275534,0,1,0,1,5,24,2,-32405,19855,52260,61,0,0,0,5,9,4.5,2288,48,929.3,645,483,15,528,206.1,6,0,1,20.3,2,0
0,0,0,0,0,0,0,0,0,0,0,0,0,0,0,0,0,0,0,0,0,0,0,0,1,0,0,0,0,0,0,0,175327,0,0,0,1,5,0,0,-24444,1530,25974,50,0,0,0,6,4,4.3,1585,29,330.2,457,522,6,289,131,7,0,2,2.8,2,0
0,39,0,0,0,10,0,2,31,3.3,0,0,0,0,2,0,1.5,11.6,0,0,0,90,0,0,15,0,0,0,0,8,0,0,35962,1,0,0,0,2,0,2,273,1176,903,46,0,0,0,1,2,2.4,2412,45,215.2,376.6,186,0,337,78,6,0,5,0.6,2,0
0,17,0,0,0,3,0,2,7,12.2,0,0,1,0,2,0,5.4,5.2,1,0,0,82,2,0,15,0,0,0,0,2,0,0,78032,2,0,0,0,2,37,2,37378,39521,2143,62,0,0,0,7,0,3,1756,34,185.5,319.2,623,12,242,111.7,5,0,2,1.3,2,0
0,19,0,0,0,10,0,1,6,0,0,0,0,0,3,0,1,10.2,0,0,0,90,0,0,8,0,0,0,0,7,0,1,797364,0,0,0,3,0,0,1,-4294,10992,15286,47,1,0,0,0,0,4.1,2520,55,10,812.4,0,15,563,82,7,0,2,12.7,2,0
0,0,0,0,0,0,0,0,0,0,0,0,0,0,0,0,0,0,0,0,0,0,0,0,8,0,0,0,0,0,0,0,5076,0,0,0,3,0,0,0,-2,43,45,46,1,0,0,0,0,1.6,1574,33,393.8,222.4,155,0,180,76.9,4,1,3,0.1,2,0
0,28,0,0,0,6,0,7,16,11.6,2,0,0,4,3,0,3.2,18.2,1,0,0,90,0,0,8,0,0,0,0,7,0,0,53659,2,0,2,3,0,2,2,-1601,976,2577,44,1,0,0,1,1,2.7,1449,26,151.4,265.8,139,3,197,55.6,5,0,3,0.9,2,0
0,13,0,0,0,5,0,0,5,1.8,2,0,0,1,2,0,3,0.2,0,0,0,80,1,0,8,0,0,0,0,0,0,0,34470,0,0,1,3,0,28,2,3243,5102,1859,46,1,0,0,1,1,1.9,438,13,95.5,80,219,2,57,39.4,1,0,1,0.6,2,0
0,34,0,0,0,22,1,5,27,0.2,0,0,0,2,0,0,1.3,12.8,0,0,0,90,0,0,17,0,0,0,0,7,0,0,213100,0,0,0,0,2,0,6,-3575,998,4573,59,1,0,0,1,1,3.8,2318,29,135.1,478.4,236,7,515,85.1,11,0,4,3.4,2,0
0,0,0,0,0,0,0,0,0,0,0,0,0,0,0,0,0,0,0,0,0,0,0,0,17,0,0,0,0,0,0,0,23737,0,0,0,0,2,0,0,-28,57,85,50,1,0,0,0,0,3,180,2,3.3,42,0,0,42,4.5,1,0,1,0.4,2,0
0,0,0,0,0,0,0,0,0,0,0,0,0,0,0,0,0,0,0,0,0,0,0,0,17,0,0,0,0,0,0,0,8691,0,0,0,0,2,0,0,499,623,124,52,1,0,0,0,0,0.8,120,5,8.4,21,13,0,23,4.3,0,0,0,0.1,2,0
0,17,0,0,0,4,0,0,17,11.6,0,0,0,0,0,0,1.4,2.8,1,0,0,30,0,0,17,0,0,0,0,1,0,0,245584,0,0,0,0,2,0,1,-1837,2282,4119,71,1,0,0,3,5,3.5,1646,20,918.8,447.4,586,3,389,195.3,10,0,1,3.9,2,0
0,50,0,0,0,12,1,1,39,20.3,1,0,0,0,0,0,3.4,13,1,0,0,90,0,1,17,0,0,0,0,7,0,0,1170575,2,1,1,0,2,1,3,7705,25779,18074,50,1,0,0,3,4,3.4,2408,29,596.8,532.8,274,3,441,140.4,12,0,3,18.9,2,0
0,0,0,0,0,0,0,0,0,0,0,0,0,0,0,0,0,0,0,0,0,0,0,0,17,0,0,0,0,0,0,0,87772,0,0,0,0,2,0,0,-323,1207,1530,51,1,0,0,3,4,3.1,890,10,235,257.4,326,5,229,81.5,6,0,1,1.4,2,0
0,0,0,0,0,0,0,0,0,0,0,0,0,0,0,0,0,0,0,0,0,0,0,0,14,0,0,0,0,0,0,0,923,0,0,0,3,1,0,0,35,62,27,44,1,0,0,0,0,1,14,0,0,0.2,0,0,6,0,0,0,0,0,2,0
0,18,0,0,0,6,0,0,18,15.4,0,0,0,0,2,0,4.1,7.6,1,0,0,82,0,1,14,0,0,0,0,2,0,0,303766,2,0,0,3,1,18,1,2782,11536,8754,54,1,0,0,1,2,3.6,2476,35,431,448,368,13,464,124.8,9,0,3,4.9,2,0
0,59,0,0,0,17,0,6,51,62.9,0,0,0,0,3,0,9,26.2,5,0,0,90,0,0,14,0,0,0,0,4,0,0,425072,1,0,1,3,1,1,2,20412,32222,11810,62,1,0,0,8,1,4.1,2520,38,621.3,780.8,380,17,517,178.3,9,0,8,7,2,0
0,24,0,0,1,30,1,5,20,6.5,1,0,0,1,0,1,5.6,41.6,0,0,0,90,0,0,5,0,0,0,0,1,0,0,84839,3,1,1,3,0,8,7,-2556,3167,5723,53,0,0,0,5,2,2.3,997,21,90.2,225,295,3,195,60,1,0,3,1.4,2,0
0,0,0,0,0,0,0,0,0,0,0,0,0,0,0,0,0,0,0,0,0,0,0,0,8,0,0,0,0,0,0,0,25843,0,0,0,3,0,0,0,-2691,245,2936,50,1,0,0,0,0,1.5,427,6,61.8,31.6,156,0,18,24.8,2,0,0,0.4,2,0
0,45,0,0,0,9,0,0,39,15.3,0,0,0,0,2,0,2.1,5.8,1,0,0,68,0,0,16,0,0,0,0,4,0,0,28005,3,0,0,0,2,0,2,-111,189,300,46,0,0,0,0,1,2,1423,33,376.9,204.8,95,0,252,67.8,3,0,0,0.4,2,0
0,6,0,0,0,1,0,1,5,0.5,0,0,0,0,0,0,1.5,4.4,0,0,0,21,0,0,16,0,0,0,0,2,0,0,120579,2,0,0,0,2,10,1,-181,430,611,60,0,0,0,2,6,2.8,1526,46,352.3,335.2,296,3,227,98.6,0,0,0,1.9,2,0
0,26,0,0,0,20,1,0,17,0,0,0,0,0,0,0,0.3,3.4,0,0,0,90,0,0,20,0,0,0,0,8,0,0,110516,0,0,0,0,1,0,6,576,2242,1666,44,1,0,0,0,0,3.4,2237,39,20.3,620.2,0,6,449,63.9,5,0,0,1.8,2,0
0,57,0,0,0,22,1,5,50,0.6,0,0,0,2,0,0,2,19,0,0,0,90,0,0,20,0,0,0,0,2,0,0,144765,0,0,0,0,1,0,6,818,3926,3108,42,1,0,0,1,1,2.4,2450,50,33.4,497,143,7,393,67.5,5,1,4,2.4,2,0
0,58,0,0,3,32,1,4,47,0.4,0,0,0,0,0,0,1.9,15,0,0,0,90,0,0,20,0,0,0,0,9,0,0,14117,0,3,1,0,1,4,9,-253,61,314,43,1,0,0,1,0,2.1,1906,41,109,360,115,3,297,58.4,4,0,3,0.2,2,0
0,43,0,0,0,5,1,6,32,2.5,1,0,0,2,0,0,2,9.6,0,0,0,90,0,0,20,0,0,0,0,5,0,0,87361,3,0,0,0,1,8,2,-1304,1437,2741,45,1,0,1,2,0,2.5,2017,38,325.6,476.4,336,4,301,114,5,0,6,1.4,2,0
0,23,1,0,0,11,0,4,12,11,0,0,0,0,0,0,2.8,17,1,0,0,45,0,0,20,0,0,0,0,5,0,0,24102,3,2,0,0,1,0,1,2071,3510,1439,42,1,0,0,0,0,1.5,651,18,134.7,111.6,37,0,87,28.4,0,0,2,0.4,2,0
0,26,0,0,0,12,0,0,17,0,0,0,0,0,1,0,1.5,15.2,0,0,0,90,0,0,3,0,0,0,0,6,0,2,297290,0,0,0,1,2,0,2,594,4752,4158,50,1,0,0,0,0,3.1,2520,39,0,527.8,4,6,445,53,7,0,2,4.8,2,0
0,59,0,0,0,12,0,3,45,2,0,0,0,0,1,0,1.8,14.6,0,0,0,90,0,0,3,0,0,0,0,13,0,0,51411,0,0,1,1,2,1,2,23,1361,1338,49,1,0,0,2,0,2.5,2488,38,246.3,517.4,285,4,401,105,7,0,7,0.8,2,0
1,51,0,0,1,27,0,2,44,63.8,2,0,1,0,1,0,10.6,36,5,0,0,90,0,0,3,0,0,0,0,0,0,0,283657,1,1,0,1,2,6,6,17076,25282,8206,66,1,0,0,5,5,3.7,1986,35,1107.2,578.2,526,8,453,220.9,5,1,2,4.7,2,0
0,36,0,0,0,13,0,3,28,20.6,0,0,0,0,5,0,4.3,20.8,1,0,0,90,0,2,1,0,0,0,0,5,0,0,48324,0,0,0,1,5,2,0,851,2299,1448,44,0,0,0,0,0,2,648,11,44.8,121.8,42,0,110,20.8,2,0,1,0.8,2,0
0,74,0,0,0,20,1,4,65,7.2,0,0,0,1,0,0,3.2,15.4,0,0,0,90,0,1,18,0,0,0,0,6,0,0,39473,1,4,1,0,5,9,3,309,894,585,55,1,0,0,1,2,2.6,1365,8,209.5,320,150,0,219,68.1,8,0,3,0.6,2,0
0,55,0,0,0,11,0,3,46,2.7,0,0,0,1,1,0,1.2,8.8,0,0,0,90,0,0,7,0,0,0,0,2,0,0,50113,1,1,0,3,1,0,2,3797,5399,1602,42,0,0,0,0,0,1.5,448,9,12.9,67.6,41,0,70,12.1,1,0,0,0.8,2,0
0,8,0,0,0,3,0,0,7,1.1,1,0,0,0,0,0,0.3,1.6,0,0,0,13,0,0,7,0,0,0,0,0,0,0,1999369,1,0,0,3,1,0,1,-532200,9319,541519,77,0,0,0,9,7,4.4,1616,20,358.8,543.6,766,13,359,166.6,6,1,3,31.6,2,0
0,39,0,0,0,12,1,7,29,27,1,0,0,1,0,0,5.3,25.4,1,0,0,90,0,1,4,0,0,0,0,5,0,0,40363,1,0,1,0,2,1,3,-914,2137,3051,58,1,0,0,1,4,2.7,2062,27,678.7,432,296,4,321,140.6,8,0,8,0.6,2,0
0,34,1,0,0,5,1,1,23,12,0,0,0,3,0,0,1.8,4.2,1,0,0,86,0,0,4,0,0,0,0,10,0,0,69174,5,0,0,0,2,2,2,3699,4749,1050,61,1,0,0,4,1,2.8,2107,24,420.3,425,521,7,280,136.6,9,0,1,1.1,2,0
0,49,0,0,3,36,1,3,46,13.7,1,0,0,3,0,1,7.4,53.6,1,0,0,90,0,0,9,0,0,0,0,11,0,0,99009,0,0,0,0,2,7,11,4879,6958,2079,42,1,1,0,1,0,2,1489,25,101.7,345.2,94,3,205,54.2,4,0,6,1.7,2,0
0,59,0,0,0,9,1,2,47,6.3,1,0,0,3,0,0,1.6,8.4,0,0,0,90,0,0,9,0,0,0,0,11,0,0,153723,0,0,1,0,2,1,3,470,4991,4521,44,1,0,0,3,1,2.6,1860,40,318.9,421.4,315,4,308,106,3,2,6,2.5,2,0
1,31,0,0,0,13,1,0,24,26.2,1,0,0,1,0,0,6.6,6.6,2,0,0,90,1,0,9,0,0,0,0,4,0,0,163780,3,0,3,0,2,33,6,9078,17353,8275,53,1,0,0,3,3,3.3,2419,40,575.9,414,558,6,289,154.4,8,0,2,2.6,2,0
0,70,0,0,0,17,0,6,63,0.9,0,0,0,0,2,0,3,24.2,0,0,0,90,0,0,6,0,0,0,0,7,0,0,248153,0,1,2,0,2,5,1,-8773,2098,10871,60,0,0,0,0,0,3.3,2259,24,88.7,550.2,175,5,520,81.2,10,0,2,3.9,2,0
0,0,0,0,0,0,0,0,0,0,0,0,0,0,0,0,0,0,0,0,0,0,0,0,6,0,0,0,0,0,0,0,254538,0,0,0,0,2,0,0,-1567,1992,3559,59,0,0,0,1,0,2.9,1287,17,84.6,328.4,90,6,263,50.1,3,1,1,4.1,2,0
0,69,0,0,0,12,0,5,59,0.3,0,0,0,1,2,0,2,19.6,0,0,0,90,0,0,6,0,0,0,0,5,0,0,105639,0,0,0,0,2,0,1,-4008,1172,5180,58,0,0,0,1,2,3.8,1333,15,23.9,322.6,128,4,304,47.6,5,0,2,1.7,2,0
0,51,0,0,0,8,0,0,36,4.7,3,0,0,2,2,0,1.4,4,0,0,0,90,0,0,6,0,0,0,0,5,0,0,402333,3,1,1,0,2,5,2,-51993,3346,55339,94,0,0,0,5,9,4.4,1870,27,727.3,593,452,11,468,177.5,5,0,2,6.3,2,0
0,31,0,0,0,13,0,1,28,7.2,3,0,0,0,1,0,4.6,12.6,0,0,0,79,1,0,6,0,0,0,0,5,0,0,1540867,6,2,0,0,2,26,2,-119334,30607,149941,90,0,0,0,11,7,6.2,1511,16,366.9,593,753,15,428,171.2,8,0,2,24.2,2,0
0,35,0,0,0,11,0,2,33,2.4,1,0,0,4,2,0,1.7,6.2,0,0,0,84,0,0,6,0,0,0,0,9,0,0,19107,2,0,0,0,2,8,2,75,1137,1062,49,0,0,0,0,2,2.6,1725,21,290.5,251.6,136,3,303,67.7,8,0,0,0.3,2,0
0,26,0,0,0,8,0,10,20,0,0,0,0,1,5,0,4.6,28.2,0,0,0,90,0,0,12,0,0,0,0,5,0,0,153830,0,0,0,0,5,18,-1,6430,16152,9722,46,0,0,1,3,0,3,2421,40,22,593.8,241,5,435,85.9,6,0,2,2.5,2,0
0,0,0,0,0,0,0,0,0,0,0,0,0,0,0,0,0,0,0,0,0,0,0,0,12,0,0,0,0,0,0,0,677263,0,0,0,0,5,0,0,-66221,1429,67650,48,0,0,0,3,7,4,1985,30,503.3,570.2,127,10,406,120.3,5,0,10,10.8,2,0
0,33,0,0,0,18,0,8,27,2.4,2,0,0,0,5,0,5,29,0,0,0,90,0,0,12,0,0,0,0,1,0,0,18776,0,1,0,0,5,19,0,-495,522,1017,49,0,0,0,0,1,3.1,1061,15,152.1,249.8,60,4,200,46.3,3,0,2,0.3,2,0
0,30,0,0,0,7,0,1,17,0.8,1,0,0,1,5,0,0.8,5.4,0,0,0,83,0,0,12,0,0,0,0,9,0,0,624634,2,0,0,0,5,2,2,-21480,4973,26453,61,0,0,0,6,4,4.2,2232,39,335.2,370.4,573,13,357,128.2,6,0,3,10,2,0
0,26,0,0,0,7,0,1,24,12.4,3,0,0,1,5,0,2.6,13.6,1,0,0,90,0,0,12,0,0,0,0,4,0,0,33080,3,0,0,0,5,0,2,375,975,600,49,0,0,0,1,3,2.6,1674,27,277.7,286.6,244,2,198,80.8,6,0,3,0.5,2,0
0,27,0,0,0,21,0,2,6,0,0,0,0,0,5,0,3,30.2,0,0,0,90,0,0,12,0,0,0,0,13,0,5,399689,0,0,0,0,5,0,1,-345,11707,12052,46,0,0,0,0,0,3.8,2520,40,50,711,1,11,539,76.3,7,0,1,6.4,2,0
0,29,0,0,0,21,1,4,27,2.1,0,0,0,0,0,0,1.1,7.6,0,0,0,90,0,0,20,0,0,0,0,6,0,0,6129,2,1,1,0,1,1,6,-138,10,148,44,1,0,0,0,1,2.2,1306,22,166.1,190.6,103,2,209,46,3,0,0,0.1,2,0
0,34,0,2,0,-5,0,1,21,15.5,0,0,0,4,2,0,4.4,1.8,1,0,0,90,1,0,16,0,0,0,0,1,0,0,870447,1,1,2,0,2,27,2,-1568,28870,30438,65,0,0,0,10,3,3.9,2470,62,405.6,561.2,1202,12,321,217.2,2,0,6,13.8,2,0
0,17,0,0,0,2,0,1,14,12.6,0,0,0,0,1,0,3,5,1,0,0,29,0,0,14,0,0,0,0,2,0,0,12406,1,0,1,3,1,12,1,-92,65,157,56,1,0,0,1,3,2.2,1012,17,242.2,186.4,364,0,171,79.1,4,0,2,0.2,2,0
0,38,0,0,0,5,1,2,28,36.3,0,0,0,1,0,0,6.9,6.4,3,0,0,90,0,0,4,0,0,0,0,2,0,0,513059,5,0,1,0,2,26,2,188617,197699,9082,59,1,0,0,7,4,4.3,1701,17,259.4,401,795,14,288,145.2,7,0,1,8.3,2,0
0,0,0,0,0,0,0,0,0,0,0,0,0,0,0,0,0,0,0,0,0,0,0,0,8,0,0,0,0,0,0,0,140737,0,0,0,3,0,0,0,-10372,2915,13287,46,1,0,0,3,3,3.2,1889,43,590.8,372.8,235,4,281,120,6,0,5,2.2,2,0
0,22,0,0,0,9,0,1,9,0,0,1,0,0,2,0,0.9,8.8,0,0,0,90,0,0,16,0,0,0,0,8,0,2,24897,0,0,0,0,2,0,1,-256,315,571,44,0,0,0,0,0,2.6,1710,38,20.3,509.4,0,3,322,52.9,2,0,0,0.4,2,0
0,10,0,0,0,3,0,0,9,5.1,0,0,0,0,2,0,1,5.2,0,0,0,45,0,0,15,0,0,0,0,2,0,0,31574,2,1,0,0,2,0,1,7470,8505,1035,44,0,0,0,1,3,3.4,809,11,268.6,227,206,1,161,70,3,0,1,0.5,2,0
0,33,0,0,0,32,1,1,26,13.3,1,0,0,0,0,1,10.7,45.8,1,0,0,90,0,0,18,0,0,0,0,5,0,0,4529,3,0,0,0,5,48,6,613,811,198,50,1,0,0,2,1,3,191,1,37.8,101.4,113,1,82,25.2,1,0,0,0.1,2,0
0,22,0,0,0,9,0,1,19,14.2,4,0,0,0,1,0,10.9,6.8,1,0,0,90,0,0,3,0,0,0,0,4,0,0,16403,0,0,3,1,2,88,2,6080,6731,651,55,1,0,0,0,2,2.8,468,10,115.7,64.8,308,0,56,48.8,0,0,0,0.3,2,0
0,34,0,0,0,14,0,6,30,0.7,0,0,0,0,5,0,1.3,12.2,0,0,0,90,0,0,1,0,0,0,0,5,0,0,416,0,0,0,1,5,0,0,32,49,17,45,0,0,0,0,0,1,191,6,1,26.6,4,0,34,3.2,0,0,0,0,2,0
1,32,0,0,0,14,1,0,22,25.6,2,0,0,1,0,0,7.5,5.2,2,0,0,90,0,0,20,0,0,0,0,5,0,0,575,3,0,2,0,1,44,5,33,86,53,50,1,0,0,0,1,2.3,120,2,37.6,7.4,64,0,20,10.9,1,0,0,0,2,0
0,25,0,1,0,2,1,1,22,27.6,0,0,0,0,0,0,5.6,6.8,2,0,0,79,0,1,4,0,0,0,0,4,0,0,62749,3,0,2,0,2,22,3,32884,34195,1311,60,1,0,0,0,0,2.3,177,1,117.6,39.8,76,0,21,23.3,2,0,0,1.1,2,0
1,65,1,0,2,48,0,1,63,58.1,1,0,0,0,1,1,14.9,64.2,4,0,0,90,1,1,2,0,0,0,0,6,0,0,143892,2,1,1,1,5,27,12,-654,986,1640,79,1,0,0,4,3,4.3,1167,15,469.5,319.6,170,9,275,95.9,3,0,1,2.4,1,0
0,0,0,0,0,0,0,0,0,0,0,0,0,0,0,0,0,0,0,0,0,0,0,0,2,0,0,0,0,0,0,0,145041,0,0,0,1,5,0,0,735,2230,1495,52,1,0,0,3,2,3,1972,29,488.7,507.4,165,5,360,116.3,5,0,7,2.3,1,0
2,38,1,0,3,54,0,0,34,47.4,0,0,0,3,1,1,14.5,72.8,4,0,0,63,0,0,2,0,0,0,0,6,0,0,283255,3,1,0,1,5,25,16,37942,40439,2497,67,1,1,0,6,4,4.9,1066,18,326.3,376.4,412,12,286,111.6,2,0,0,5,1,0
0,9,0,0,0,2,0,0,9,1.3,0,0,0,1,3,0,1.8,0,0,0,0,55,0,0,1,0,0,0,0,0,0,0,13298,0,0,0,1,5,18,1,48,154,106,50,0,0,0,0,1,1.4,563,18,149.9,71.8,116,0,66,33.7,0,0,0,0.2,1,0
0,20,0,0,0,29,0,2,16,6.7,0,0,0,0,5,1,6.8,39.8,0,0,0,90,2,0,1,0,0,0,0,1,0,0,13421,0,0,0,1,5,21,6,31,190,159,49,0,0,0,1,0,1.2,286,14,53.5,58.2,106,0,69,21.5,0,0,1,0.2,1,0
0,24,0,0,0,1,0,1,19,26.1,3,0,0,3,5,0,6.2,12.4,2,0,0,90,1,0,1,0,0,0,0,4,0,0,375397,2,0,2,1,5,23,1,14080,32680,18600,64,0,0,1,9,3,4.3,2125,41,415.5,514.4,803,17,357,172.9,7,0,2,6.1,1,0
0,0,0,0,0,0,0,0,0,0,0,0,0,0,0,0,0,0,0,0,0,0,0,0,11,0,0,0,0,0,0,0,22948,0,0,0,1,2,0,0,-724,31,755,44,0,0,0,1,1,2.3,707,11,53.6,187.2,49,0,114,29.1,3,0,4,0.4,1,0
0,6,0,0,0,3,0,0,6,0.8,0,0,0,0,0,0,0.1,0.4,0,0,0,9,0,0,11,0,0,0,0,0,0,0,4931,0,0,0,1,2,0,1,-6,5,11,59,0,0,0,0,2,2.3,574,6,61.3,59.2,140,0,70,26.1,2,0,1,0.1,1,0
0,24,0,0,0,14,0,3,11,0,0,0,0,0,2,0,1.2,12.2,0,0,0,90,0,0,15,0,0,0,0,10,0,2,36532,0,0,0,0,2,0,1,3824,4652,828,48,0,0,0,0,0,3.7,810,9,20,238.4,0,3,168,25.8,2,0,1,0.6,1,0
0,61,0,1,0,5,0,5,34,0.5,1,0,0,1,2,0,4.3,13.2,0,0,0,90,0,0,15,0,0,0,0,3,0,0,277259,1,1,2,0,2,29,1,8185,11036,2851,47,0,0,0,3,1,2.9,2186,45,45.8,760.4,361,4,381,116.9,5,0,5,4.4,1,0
0,38,0,0,0,16,0,2,31,2.1,2,0,0,0,2,0,2.2,17.4,0,0,0,90,0,0,15,0,0,0,0,6,0,0,23651,3,2,0,0,2,2,1,1509,1978,469,44,0,0,0,0,0,2,2340,46,189.6,458.2,27,1,371,67.6,5,0,2,0.4,1,0
0,18,0,0,0,13,0,2,11,40,1,0,0,1,2,0,8.5,11,3,0,0,90,0,1,15,0,0,0,0,7,0,0,67523,2,2,2,0,2,34,2,1088,1790,702,55,0,0,0,2,6,3.5,1490,32,483.3,361.2,323,5,275,116.9,5,0,2,1.1,1,0
0,37,0,0,0,4,0,0,26,2.1,0,0,0,1,2,0,1,7.6,0,0,0,90,0,0,15,0,0,0,0,8,0,0,10229,2,0,0,0,2,0,1,-26,127,153,52,0,0,1,1,2,2.2,1418,34,145.5,157,207,3,179,51,2,0,3,0.2,1,0
0,18,0,0,0,3,0,2,13,29.3,0,0,0,1,0,0,3.9,4.2,2,0,0,45,0,0,15,0,0,0,0,3,0,0,1173,2,0,1,0,2,5,1,25,58,33,54,0,0,0,0,1,1.3,598,12,164.6,84.2,81,0,59,33.1,1,1,3,0,1,0
0,25,0,0,0,14,0,10,10,10.3,0,0,0,1,3,0,5.5,24.2,1,0,0,90,1,0,8,0,0,0,0,9,0,0,21481,0,2,0,3,0,20,0,-111,204,315,47,1,0,1,0,4,2.7,2139,49,183.2,446.8,358,2,341,98.9,6,0,4,0.3,1,0
0,29,0,0,0,15,0,7,13,0.4,1,0,0,0,3,0,1.6,16,0,0,0,90,0,0,8,0,0,0,0,6,0,0,24685,1,2,0,3,0,0,1,243,1448,1205,44,1,0,0,0,1,2.5,2520,55,102.9,505.2,104,2,425,71.5,7,0,0,0.4,1,0
0,28,0,0,0,10,0,4,16,14.9,0,0,0,1,3,0,2.5,10.2,1,0,0,90,0,1,8,0,0,0,0,3,0,0,27948,0,0,0,3,0,0,1,-118,322,440,44,1,0,0,0,1,2.7,1768,36,186.5,318.8,43,4,294,54.9,6,0,2,0.4,1,0
0,7,0,0,0,5,0,0,5,0.8,0,0,0,0,1,0,0.5,2.4,0,0,0,21,0,0,8,0,0,0,0,1,0,0,49027,0,1,0,3,0,2,1,-1857,1927,3784,50,1,0,0,4,2,3.1,1956,41,310.8,266.4,539,4,221,111.4,5,0,4,0.8,1,0
0,22,0,0,0,7,0,0,14,2,0,0,0,0,3,0,1,6.4,0,0,0,90,0,0,8,0,0,0,0,8,0,0,80443,1,0,0,3,0,2,2,35,8013,7978,52,1,0,0,4,3,3.1,1156,24,162,241.6,296,7,220,69.5,3,0,0,1.3,1,0
0,41,0,0,1,30,1,2,35,9.3,2,0,0,2,0,1,8.5,39.6,0,0,0,90,0,1,17,0,0,0,0,7,0,0,193065,3,0,2,0,2,36,9,-1714,1863,3577,63,1,1,0,8,1,4.3,1310,15,314.9,443,603,12,353,135.7,5,0,1,3.3,1,0
0,6,0,0,0,5,0,1,4,0.3,1,0,0,0,0,0,0.3,2.2,0,0,0,13,0,0,17,0,0,0,0,5,0,0,26497,0,0,0,0,2,0,1,-39,99,138,52,1,0,0,3,0,2.6,385,4,83.9,159,123,3,118,36.5,1,0,0,0.4,1,0
0,46,0,0,0,17,0,8,38,0.8,0,0,0,0,3,0,2.7,21.8,0,0,0,90,0,0,14,0,0,0,0,2,0,0,202060,0,2,1,3,1,4,1,20054,22863,2809,43,1,0,0,1,1,3,2129,32,71.2,466.4,240,0,419,78.1,8,0,5,3.3,1,0
0,24,1,0,0,15,0,2,20,20.8,0,0,0,1,2,0,3.3,9.8,1,0,0,60,0,2,14,0,0,0,0,4,0,0,187435,0,1,0,3,1,2,2,12176,17565,5389,48,1,0,0,2,5,3.2,2293,35,383.3,489,325,5,353,119.8,9,0,6,3.1,1,0
0,25,1,1,0,12,0,1,23,61.3,3,0,0,1,3,0,11.1,22.4,3,0,0,90,0,6,14,0,0,0,0,4,0,0,257023,5,1,3,3,1,27,2,-13956,5950,19906,59,1,0,0,4,3,3.5,2469,36,779.3,549,428,5,381,175.8,9,0,1,4.1,1,0
0,1,0,0,0,2,0,0,1,0.3,0,0,0,0,1,0,0.8,0,0,0,0,12,0,0,14,0,0,0,0,0,0,0,27308,1,0,0,3,1,8,1,-121,149,270,63,1,0,0,0,0,1.6,479,7,65.6,18.4,247,0,9,32.1,2,0,0,0.4,1,0
0,0,0,0,0,0,0,0,0,0,0,0,0,0,0,0,0,0,0,0,0,0,0,0,5,0,0,0,0,0,0,0,95301,0,0,0,3,0,0,0,231,758,527,65,0,0,0,2,3,2.1,913,15,128.8,163,436,0,122,72.5,1,0,3,1.5,1,0
0,70,0,0,0,16,0,3,62,0.7,2,0,0,0,2,0,1.6,15,0,0,0,90,0,0,16,0,0,0,0,5,0,0,9916,0,1,0,0,2,0,1,-165,38,203,42,0,0,0,0,0,1.4,1345,38,41.7,200.8,2,3,204,24.6,2,0,0,0.2,1,0
0,63,0,0,0,15,0,5,52,20.1,0,0,0,1,2,0,3.7,17,1,0,0,90,0,1,16,0,0,0,0,6,0,0,7730,0,0,0,0,2,0,1,-74,103,177,44,0,0,0,0,1,1.3,2295,57,160.8,516.8,55,2,376,73.5,2,0,4,0.1,1,0
0,62,0,0,0,8,0,4,50,1.9,0,0,0,1,2,0,1,7.6,0,0,0,68,0,0,16,0,0,0,0,6,0,0,13770,2,0,0,0,2,0,1,154,572,418,42,0,0,1,0,0,1.1,690,23,67.5,76.6,15,0,89,16,0,1,3,0.2,1,0
0,0,0,0,0,0,0,0,0,0,0,0,0,0,0,0,0,0,0,0,0,0,0,0,16,0,0,0,0,0,0,0,5318,0,0,0,0,2,0,0,-31,29,60,43,0,0,0,0,0,1,163,4,6.9,13.2,9,0,20,2.7,0,0,0,0.1,1,0
0,0,0,0,0,0,0,0,0,0,0,0,0,0,0,0,0,0,0,0,0,0,0,0,20,0,0,0,0,0,0,0,4103,0,0,0,0,1,0,0,-23,27,50,44,1,0,0,0,0,2.2,1724,31,362,256.6,80,1,287,69.8,4,0,1,0.1,1,0
0,39,0,0,0,6,1,0,28,12.4,0,0,0,2,0,0,2.9,1.4,1,0,0,90,0,0,20,0,0,0,0,4,0,0,16812,0,1,1,0,1,15,2,-234,151,385,44,1,0,1,0,1,2,1759,27,216.4,300.6,41,3,271,55.9,5,1,5,0.3,1,0
0,34,0,1,2,27,1,0,22,16.9,0,0,0,1,0,1,11.7,32.6,1,0,0,90,0,0,20,0,0,0,0,0,0,0,9821,3,1,2,0,1,67,8,20,290,270,58,1,1,0,2,4,2.5,1414,25,239.4,218.4,678,4,146,111.8,5,1,0,0.2,1,0
0,2,0,0,0,4,0,0,2,10.3,1,0,0,0,0,0,1.4,3.4,1,0,0,8,0,0,20,0,0,0,0,0,0,0,9166,1,0,0,0,1,0,1,885,1284,399,48,1,0,0,0,0,1.5,879,20,100.8,69.4,108,0,28,27.3,1,0,1,0.1,1,0
0,0,0,0,0,0,0,0,0,0,0,0,0,0,0,0,0,0,0,0,0,0,0,0,3,0,0,0,0,0,0,0,53904,0,0,0,1,2,0,0,-459,596,1055,45,1,0,0,1,0,2.7,1480,23,37.3,307.8,197,2,256,54.3,5,2,1,0.9,1,0
0,37,0,0,0,16,0,5,28,33.8,0,0,0,0,1,0,5.6,18.2,3,0,0,90,0,0,3,0,0,0,0,5,0,0,147991,0,1,0,1,2,4,2,837,8752,7915,50,1,0,0,0,3,3.2,2340,34,449.3,495,220,8,405,116.9,7,0,3,2.4,1,0
0,59,0,0,0,19,0,10,51,14.6,1,0,0,1,1,0,4.4,23.2,1,0,0,90,1,0,3,0,0,0,0,4,0,0,566337,0,2,1,1,2,6,2,3705,9197,5492,54,1,0,0,3,1,3.2,1963,33,133.5,569.4,387,8,412,108.9,4,0,5,9.1,1,0
0,52,0,0,0,18,0,9,48,10.8,0,0,0,1,1,0,3.3,20.6,1,0,0,90,0,0,3,0,0,0,0,6,0,0,24799,2,1,0,1,2,2,2,4914,5391,477,48,1,0,0,1,0,3.1,1273,19,50.5,277.8,129,1,259,45.8,5,0,2,0.4,1,0
0,29,0,0,1,27,0,1,24,17.8,2,0,0,1,1,1,10.8,44.4,1,0,0,90,0,1,3,0,0,0,0,6,0,0,53671,2,0,0,1,2,46,8,95,1464,1369,54,1,0,0,4,1,2.8,1537,23,241.1,292.4,508,3,200,103.9,5,0,2,0.9,1,0
0,1,0,0,0,2,0,0,1,0,0,0,0,0,0,0,0,0.2,0,0,0,1,1,0,3,0,0,0,0,0,0,0,53376,0,0,0,1,2,0,1,69,526,457,57,1,0,0,1,5,2.2,881,15,206.3,131.4,206,3,150,53.8,1,0,1,0.9,1,0
0,4,0,0,0,3,0,0,4,0.4,0,0,0,0,0,0,0.3,0.4,0,0,0,12,0,0,18,0,0,0,0,0,0,0,40691,0,0,0,0,5,2,1,-41,32,73,69,1,0,0,0,1,1.7,307,2,96.8,47.8,73,0,64,21.8,2,0,1,0.7,1,0
0,65,0,0,0,13,1,0,57,19.4,3,0,0,0,0,0,6.3,16.8,1,0,0,69,0,0,18,0,0,0,0,7,0,0,162219,3,0,0,0,5,27,3,1959,3893,1934,56,1,0,0,3,5,3.6,1565,11,628,459.6,296,11,362,138.8,9,1,3,2.6,1,0
0,0,0,0,0,0,0,0,0,0,0,0,0,0,0,0,0,0,0,0,0,0,0,0,18,0,0,0,0,0,0,0,1011154,0,0,0,0,5,0,0,-168440,2291,170731,92,1,0,0,9,6,4.5,2058,11,503.5,580.2,952,17,499,202.9,16,0,0,15.8,1,0
0,0,0,0,0,0,0,0,0,0,0,0,0,0,0,0,0,0,0,0,0,0,0,0,19,0,0,0,0,0,0,0,324788,0,0,0,0,1,0,0,-10628,2569,13197,52,1,0,0,0,0,3.6,1523,15,105.2,326.4,30,7,358,46.1,7,0,1,5.1,1,0
0,82,0,0,0,26,1,3,75,1.6,0,0,0,0,0,0,1.6,14.2,0,0,0,90,0,0,19,0,0,0,0,4,0,0,69709,0,0,0,0,1,0,6,4232,4498,266,52,1,0,0,0,0,2.7,643,4,28.2,162.8,30,2,154,22.2,3,0,4,1.1,1,0
0,68,1,0,0,16,1,1,49,69.7,1,0,0,0,0,0,10.8,18.2,5,0,0,90,1,1,19,0,0,0,0,4,0,0,250744,0,0,2,0,1,20,3,2273,6884,4611,97,1,0,0,1,1,2.4,620,2,304.4,154.6,180,2,150,63.9,4,0,2,4,1,0
0,0,0,0,0,0,0,0,0,0,0,0,0,0,0,0,0,0,0,0,0,0,0,0,19,0,0,0,0,0,0,0,98643,0,0,0,0,1,0,0,-4251,521,4772,99,1,0,0,6,2,3,838,10,235.1,322.4,736,7,220,129.5,1,0,0,1.6,1,0
0,25,0,0,0,12,0,1,12,0,0,0,0,0,1,0,1.1,11.4,0,0,0,90,0,0,7,0,0,0,0,6,0,2,1037899,0,0,0,3,1,0,2,9727,13932,4205,57,0,0,0,0,0,3.6,2520,36,0,669.2,0,7,510,66.9,7,0,1,16.7,1,0
0,50,0,0,0,14,0,7,45,0.9,0,0,0,1,1,0,2.5,21.8,0,0,0,90,0,0,7,0,0,0,0,3,0,0,78066,1,0,0,3,1,2,2,2321,2613,292,56,0,0,0,1,0,3.1,1407,20,17.3,310.8,138,3,246,46.7,4,0,1,1.3,1,0
1,34,1,0,0,23,0,4,28,26.8,2,0,0,2,1,0,6.7,34.4,2,0,0,90,0,0,7,0,0,0,0,4,0,0,560191,1,0,0,3,1,6,4,54482,58830,4348,50,0,0,1,1,3,3.3,1961,28,368,451,215,6,375,103.5,6,0,9,9.2,1,0
1,62,1,0,2,31,0,2,57,11.3,1,0,0,0,1,0,5,34.2,1,0,0,90,0,0,7,0,0,0,0,6,0,0,370977,0,1,0,3,1,4,7,56349,60972,4623,50,0,0,0,1,1,3.3,1978,26,67.7,440.4,96,9,417,60.5,6,0,1,6.2,1,0
0,38,0,0,0,22,0,3,29,9.5,0,0,0,0,1,1,8.8,53.6,0,0,0,90,0,0,7,0,0,0,0,5,0,0,114248,2,1,0,3,1,25,8,3370,5200,1830,57,0,0,0,2,3,3.1,1837,29,475.8,408.2,104,3,345,98.9,4,0,7,1.9,1,0
0,30,0,0,0,4,0,1,25,2.9,1,0,0,1,1,0,0.7,0,0,0,0,76,0,0,7,0,0,0,0,4,0,0,76041,3,0,1,3,1,6,1,992,1632,640,100,0,0,1,1,5,2.7,733,9,269.4,196.2,291,1,150,75.6,2,0,3,1.2,1,0
0,45,0,0,0,27,1,11,37,0.4,0,0,0,0,0,0,3.8,29.4,0,0,0,90,0,0,4,0,0,0,0,2,0,0,242422,0,1,2,0,2,8,6,19755,23456,3701,46,1,0,0,0,1,3.2,2070,25,45.2,495.4,90,7,413,63.3,8,0,3,3.9,1,0
0,4,0,0,0,4,0,2,3,0.1,0,0,0,0,0,0,0.4,3.4,0,0,0,10,0,0,4,0,0,0,0,0,0,0,8090,0,0,0,0,2,0,1,9,156,147,44,1,0,0,0,0,2.9,1271,17,75.5,266.2,31,3,244,37.3,5,0,0,0.1,1,0
0,51,0,0,0,25,1,7,39,0.5,1,0,0,0,0,0,2.6,19.4,0,0,0,90,0,0,4,0,0,0,0,6,0,0,7592,0,0,1,0,2,6,6,3443,3717,274,44,1,0,0,0,0,3.6,630,5,24.8,133.6,34,0,136,19.2,3,0,0,0.1,1,0
1,39,0,0,2,35,1,2,33,13.8,0,0,0,0,0,0,4.1,27,1,0,0,90,0,0,4,0,0,0,0,4,0,0,15108,3,2,0,0,2,0,11,-445,88,533,43,1,0,0,0,2,3,648,9,83.9,149.6,7,5,155,24.2,3,0,1,0.3,1,0
0,0,0,0,0,5,0,0,0,0,0,0,0,0,0,0,0.2,2,0,0,0,5,0,0,4,0,0,0,0,0,0,0,4401,0,1,0,0,2,0,1,-32,47,79,48,1,0,0,0,0,2,1835,28,70.7,254.4,146,0,171,47.3,6,0,3,0.1,1,0
0,0,0,0,0,0,0,0,0,0,0,0,0,0,0,0,0,0,0,0,0,0,0,0,4,0,0,0,0,0,0,0,5895,0,0,0,0,2,0,0,-184,158,342,51,1,0,0,0,0,1.8,1178,13,210.6,161.8,233,0,110,60.5,5,0,2,0.1,1,0
0,33,0,0,0,17,1,2,28,15.8,1,0,0,2,0,0,3.6,16.2,1,0,0,90,0,1,4,0,0,0,0,5,0,0,126781,4,4,0,0,2,4,3,55986,59076,3090,44,1,0,0,1,3,3.1,1028,12,171.1,266,125,4,197,56.2,5,1,0,2.1,1,0
0,33,0,0,2,34,1,9,28,0.5,0,0,0,0,0,0,3.4,26.2,0,0,0,90,0,0,9,0,0,0,0,6,0,0,34624,0,2,1,0,2,7,8,-239,294,533,41,1,1,0,0,0,2.4,889,17,34.7,201.8,74,2,168,31.1,2,0,0,0.6,1,0
0,35,0,0,0,28,1,10,20,10.7,0,0,0,3,0,0,4.5,34,1,0,0,90,0,0,9,0,0,0,0,3,0,0,433656,0,3,0,0,2,0,6,13323,18672,5349,40,1,0,0,0,1,2.1,1250,18,73.1,395.2,12,2,216,48.3,2,0,5,7,1,0
0,2,0,0,0,2,0,0,2,0.5,0,0,0,0,0,0,0.3,2,0,0,0,5,0,0,6,0,0,0,0,1,0,0,63392,1,0,0,0,2,0,1,-38,1795,1833,58,0,0,0,0,4,3.8,1181,9,264.9,236.2,187,5,250,68.8,6,0,4,1,1,0
0,0,0,0,0,0,0,0,0,0,0,0,0,0,0,0,0,0,0,0,0,0,0,0,6,0,0,0,0,0,0,0,2376,0,0,0,0,2,0,0,1,29,28,49,0,0,0,0,0,1.4,157,0,7.3,23,21,0,28,5.1,1,0,0,0,1,0
0,40,0,0,0,13,0,7,35,10.3,0,0,0,0,5,0,2.9,18.8,1,0,0,90,0,0,12,0,0,0,0,1,0,0,46717,1,0,0,0,5,0,0,3588,5863,2275,42,0,0,0,0,0,2.5,1462,23,26.6,308.6,58,2,286,39.3,5,0,1,0.7,1,0
0,10,0,0,0,3,0,0,9,1.5,0,0,0,0,2,0,0.4,0.2,0,0,0,17,0,0,12,0,0,0,0,2,0,0,2361,0,0,0,0,5,2,1,-165,55,220,50,0,0,0,1,0,2.2,356,3,30.6,90.8,38,2,78,16,3,0,1,0,1,0
0,39,0,0,0,12,0,5,34,2,0,0,0,0,5,0,1.8,16,0,0,0,90,0,0,12,0,0,0,0,3,0,0,30104,1,0,0,0,5,0,2,523,1224,701,48,0,0,0,1,3,2.8,2147,32,173.6,500.8,129,8,362,80.4,8,1,8,0.5,1,0
0,61,0,0,0,13,0,7,51,2.7,1,0,0,1,5,0,2.3,19.8,0,0,0,90,0,0,12,0,0,0,0,10,0,0,81703,3,0,0,0,5,0,2,-82,1996,2078,59,0,0,0,3,6,3.6,2161,37,380,529.8,455,10,398,136.5,5,0,3,1.3,1,0
0,22,0,0,0,4,1,1,14,8.7,0,0,0,1,0,0,2.2,1.4,0,0,0,60,0,0,5,0,0,0,0,8,0,0,1259063,5,1,0,3,0,12,3,111,45588,45477,66,0,0,0,10,2,4.5,2029,33,221.9,525.4,852,11,289,158.8,7,1,3,19.7,1,0
0,0,0,0,0,0,0,0,0,0,0,0,0,0,0,0,0,0,0,0,0,0,0,0,13,0,0,0,0,0,0,0,34906,0,0,0,0,1,0,0,-669,228,897,50,0,0,0,0,0,1.7,1195,17,202.3,229.8,57,0,184,49,1,0,1,0.6,1,0
0,24,0,0,0,9,0,3,19,5.6,0,0,0,0,1,0,2,14.8,0,0,0,90,0,1,13,0,0,0,0,6,0,0,51913,1,0,0,0,1,0,2,-679,313,992,43,0,0,0,0,1,1.8,920,17,77.2,152.8,101,1,139,33.1,1,0,0,0.8,1,0
0,0,0,0,0,0,0,0,0,0,0,0,0,0,0,0,0,0,0,0,0,0,0,0,13,0,0,0,0,0,0,0,431265,0,0,0,0,1,0,0,-9795,9732,19527,68,0,0,0,7,4,4.4,1364,24,347,396.6,654,12,294,139.1,2,0,3,6.9,1,0
0,34,0,1,0,-5,0,2,22,2.5,0,0,0,2,1,0,1.6,6,0,0,0,90,1,0,10,0,0,0,0,2,0,0,1642512,1,0,2,0,1,7,1,75241,83834,8593,54,0,0,1,3,6,3.9,2396,33,422.9,592.6,547,9,452,156,6,0,3,26.3,1,0
0,17,0,0,0,0,0,0,14,9.9,2,0,0,1,1,0,1.2,1.6,0,0,0,24,0,0,10,0,0,0,0,1,0,0,4562,4,0,0,0,1,0,1,-16,104,120,52,0,0,0,3,1,2.4,572,9,299.1,192,148,3,149,63.2,1,0,1,0.1,1,0
0,96,0,0,0,5,0,3,84,20,0,1,0,2,1,0,4.9,3.6,1,0,0,90,0,0,2,0,0,0,0,8,0,0,117518,2,0,2,1,5,25,2,-1285,2142,3427,44,1,0,0,0,0,1.5,1643,25,253.8,261.4,124,0,254,64,2,0,5,1.9,1,0
0,35,0,0,0,30,1,6,29,0.9,1,0,0,0,0,0,1.9,18.4,0,0,0,90,0,0,9,0,0,0,0,8,0,0,16288,0,1,0,0,2,0,6,144,379,235,46,1,0,0,0,0,2.3,1675,24,74.9,455.2,80,0,340,61.1,4,0,2,0.3,1,0
0,9,0,0,0,4,0,0,6,14.6,0,0,0,0,1,0,2.5,2.8,1,0,0,20,0,0,1,0,0,0,0,3,0,0,2662,1,0,0,1,5,8,1,27,89,62,41,0,0,0,0,0,0.6,520,17,166,98.8,27,0,77,29.1,0,0,1,0,1,0
0,40,0,0,0,16,1,1,34,50.8,0,0,0,2,0,0,6.6,13.6,4,0,0,65,0,1,10,0,0,0,0,2,0,0,540586,1,2,0,0,1,2,3,19623,41355,21732,54,0,0,0,1,7,3.4,2202,28,834.3,607,60,11,451,150.3,7,0,2,8.6,1,0
0,58,0,0,0,9,1,0,50,29.1,1,0,0,1,0,0,3.8,6.4,2,0,0,76,0,0,17,0,0,0,0,8,0,0,43252,3,0,2,0,2,2,3,-162,140,302,57,1,0,0,0,2,2.3,1326,16,393.7,235,264,2,267,89.6,8,0,1,0.7,1,0
0,3,0,0,0,2,0,0,3,0.2,0,0,0,0,0,0,0.2,0.2,0,0,0,2,0,0,5,0,0,0,0,0,0,0,13743,1,0,0,3,0,2,1,225,825,600,54,0,0,0,1,1,2.4,1511,22,107,210.4,142,2,219,45.9,6,0,5,0.2,1,0
0,39,0,0,0,13,0,2,28,1.4,1,0,0,0,2,0,2.1,19.2,0,0,0,90,0,0,16,0,0,0,0,4,0,0,4717,2,2,0,0,2,0,1,-30,38,68,48,0,0,0,0,1,1.6,1444,36,224,281,105,1,234,61,2,0,2,0.1,1,0
0,55,0,0,0,9,0,1,48,4.1,0,0,0,0,2,0,4.4,11.2,0,0,0,90,0,0,16,0,0,0,0,8,0,0,5035,5,2,2,0,2,29,2,-12,29,41,44,0,0,0,0,0,1.4,771,20,60.7,144.2,74,0,112,27.9,0,1,0,0.1,1,0
0,8,0,0,0,1,0,0,7,0.6,0,0,0,1,0,0,0,0,0,0,0,21,0,0,16,0,0,0,0,0,0,0,28593,1,0,0,0,2,0,1,-13,669,682,53,0,0,0,1,4,2.5,962,20,294.3,202.2,340,4,164,83.3,1,0,1,0.5,1,0
0,22,0,0,0,3,0,0,18,2.1,0,0,0,0,0,0,0.4,1.8,0,0,0,21,0,0,3,0,0,0,0,2,0,0,61783,0,0,0,1,2,0,1,-623,1079,1702,45,1,0,0,0,1,2.1,2007,28,116.9,224.6,22,0,270,36.4,7,0,5,1,1,0
0,0,0,0,0,0,0,0,0,0,0,0,0,0,0,0,0,0,0,0,0,0,0,0,8,0,0,0,0,0,0,0,6117,0,0,0,3,0,0,0,-24,411,435,45,1,0,0,0,0,1,17,0,0.3,1.2,0,0,1,0.2,0,0,0,0.1,1,0
0,0,0,0,0,0,0,0,0,0,0,0,0,0,0,0,0,0,0,0,0,0,0,0,9,0,0,0,0,0,0,0,6813,0,0,0,0,2,0,0,416,970,554,45,1,0,0,0,0,1,8,1,0.3,0,0,0,6,0,0,0,0,0.1,1,0
0,1,0,0,0,1,0,0,0,0,0,0,0,1,0,0,2,0,0,0,0,19,0,0,15,0,0,0,0,0,0,0,78961,0,1,0,0,2,20,0,2888,10283,7395,45,0,0,1,0,1,2,33,0,0.1,0,46,0,12,4.5,0,0,1,1.3,1,0
0,87,1,0,0,14,0,5,71,10.8,0,0,0,4,2,0,3.2,21,1,0,0,90,0,0,16,0,0,0,0,7,0,0,186,0,0,0,0,2,0,1,13,23,10,45,0,0,0,0,0,1,180,5,11.1,46.6,0,0,29,5.8,0,0,0,0,1,0
0,0,0,0,0,0,0,0,0,0,0,0,0,0,0,0,0,0,0,0,0,0,0,0,7,0,0,0,0,0,0,0,0,0,0,0,3,1,0,0,0,0,0,45,0,0,0,0,0,0,0,0,0,0,0,0,0,0,0,0,0,0,1,0
0,56,0,0,3,34,1,6,45,3.9,0,0,0,0,0,0,4.1,24.8,0,0,0,90,0,0,17,0,0,0,0,9,0,0,1714710,1,4,1,0,2,12,9,-46901,5314,52215,64,1,0,0,1,7,5.2,2309,24,408.8,481,364,19,588,125.6,12,0,5,27.6,0,0
0,0,0,0,0,0,0,0,0,0,0,0,0,0,0,0,0,0,0,0,0,0,0,0,2,0,0,0,0,0,0,0,71180,0,0,0,1,5,0,0,-210,88,298,48,1,0,0,0,0,3.4,585,9,0,205,0,3,130,20.4,1,0,0,1.1,0,0
0,0,0,0,0,0,0,0,0,0,0,0,0,0,0,0,0,0,0,0,0,0,0,0,2,0,0,0,0,0,0,0,296602,0,0,0,1,5,0,0,-2146,39,2185,54,1,0,0,0,5,3.2,1532,21,197.8,261.6,280,5,304,73.7,4,0,3,4.7,0,0
0,0,0,0,0,0,0,0,0,0,0,0,0,0,0,0,0,0,0,0,0,0,0,0,2,0,0,0,0,0,0,0,25289,0,0,0,1,5,0,0,-131,16,147,43,1,0,0,0,0,2.4,806,10,28.7,187.8,14,5,148,23.2,1,0,1,0.4,0,0
1,43,0,0,0,20,0,0,39,27.6,0,0,0,0,1,0,6.1,23.2,2,0,0,56,0,1,2,0,0,0,0,2,0,0,466550,1,0,0,1,5,10,4,25460,33680,8220,51,1,0,0,0,7,3.9,1436,22,378.1,277.4,203,10,321,85.7,3,0,3,7.3,0,0
0,0,0,0,0,0,0,0,0,0,0,0,0,0,0,0,0,0,0,0,0,0,0,0,2,0,0,0,0,0,0,0,6413,0,0,0,1,5,0,0,-22,60,82,47,1,0,0,0,0,1,11,0,0.1,3.4,0,0,4,0.4,0,0,0,0.1,0,0
0,0,0,0,0,0,0,0,0,0,0,0,0,0,0,0,0,0,0,0,0,0,0,0,2,0,0,0,0,0,0,0,52717,0,0,0,1,5,0,0,-677,197,874,45,1,0,0,0,0,0.9,769,16,45.6,96.4,19,0,68,16.3,0,0,2,0.8,0,0
0,0,0,0,0,0,0,0,0,0,0,0,0,0,0,0,0,0,0,0,0,0,0,0,2,0,0,0,0,0,0,0,142686,0,0,0,1,5,0,0,-622,1158,1780,42,1,0,0,0,0,1,152,1,16.8,38.4,51,0,13,10.6,0,0,0,2.3,0,0
0,0,0,0,0,0,0,0,0,0,0,0,0,0,0,0,0,0,0,0,0,0,0,0,2,0,0,0,0,0,0,0,24416,0,0,0,1,5,0,0,-35,0,35,44,1,0,0,0,0,0,0,0,0,0,0,0,0,0,0,0,0,0.4,0,0
0,0,0,0,0,0,0,0,0,0,0,0,0,0,0,0,0,0,0,0,0,0,0,0,2,0,0,0,0,0,0,0,26194,0,0,0,1,5,0,0,-1359,197,1556,44,1,0,0,1,1,2.7,521,11,70.9,147,92,3,101,31,0,0,1,0.4,0,0
0,0,0,0,0,0,0,0,0,0,0,0,0,0,0,0,0,0,0,0,0,0,0,0,2,0,0,0,0,0,0,0,28343,0,0,0,1,5,0,0,-62,46,108,64,1,0,0,1,1,2.4,146,3,56.8,73.6,66,3,63,19.5,0,0,0,0.5,0,0
0,0,0,0,0,0,0,0,0,0,0,0,0,0,0,0,0,0,0,0,0,0,0,0,1,0,0,0,0,0,0,0,191957,0,0,0,1,5,0,0,-2953,934,3887,43,0,0,0,0,0,2.8,1980,42,0,421,0,4,348,42.2,5,0,0,3.1,0,0
0,0,0,0,0,0,0,0,0,0,0,0,0,0,0,0,0,0,0,0,0,0,0,0,1,0,0,0,0,0,0,0,13534,0,0,0,1,5,0,0,-160,12,172,43,0,0,0,0,2,2.4,1227,24,173.3,332.4,39,0,244,54.4,4,0,1,0.2,0,0
0,0,0,0,0,0,0,0,0,0,0,0,0,0,0,0,0,0,0,0,0,0,0,0,1,0,0,0,0,0,0,0,360329,0,0,0,1,5,0,0,-21683,2575,24258,44,0,0,0,1,1,2.7,2340,47,109.2,627,279,5,453,101.4,7,0,2,5.6,0,0
0,0,0,0,0,0,0,0,0,0,0,0,0,0,0,0,0,0,0,0,0,0,0,0,1,0,0,0,0,0,0,0,6742,0,0,0,1,5,0,0,-57,3,60,42,0,0,0,0,0,1,141,4,16.3,49,2,0,41,6.8,0,0,0,0.1,0,0
0,0,0,0,0,0,0,0,0,0,0,0,0,0,0,0,0,0,0,0,0,0,0,0,8,0,0,0,0,0,0,0,11229,0,0,0,3,0,0,0,-5,61,66,49,1,0,0,0,0,1.8,1757,38,149.6,179.6,142,0,194,47.2,5,0,7,0.2,0,0
0,0,0,0,0,0,0,0,0,0,0,0,0,0,0,0,0,0,0,0,0,0,0,0,1,0,0,0,0,0,0,0,22871,0,0,0,1,5,0,0,-121,9,130,43,0,0,0,0,0,0,0,0,0,0,0,0,0,0,0,0,0,0.4,0,0
0,0,0,0,0,0,0,0,0,0,0,0,0,0,0,0,0,0,0,0,0,0,0,0,1,0,0,0,0,0,0,0,5590,0,0,0,1,5,0,0,-310,19,329,60,0,0,0,1,3,2.5,957,23,250.6,187.8,312,3,176,75.1,2,0,1,0.1,0,0
1,40,1,0,0,27,0,3,30,12.1,2,0,0,1,5,0,7,39.6,1,0,0,90,0,0,1,0,0,0,0,10,0,0,5807,2,2,1,1,5,18,5,12,158,146,47,0,0,0,0,2,1.9,1354,26,115.3,251.8,155,0,172,52.1,3,0,5,0.1,0,0
0,0,0,0,0,0,0,0,0,0,0,0,0,0,0,0,0,0,0,0,0,0,0,0,1,0,0,0,0,0,0,0,7316,0,0,0,1,5,0,0,-33,6,39,47,0,0,0,0,0,1.7,719,10,50.4,76,36,0,91,16.5,3,0,2,0.1,0,0
0,0,0,0,0,0,0,0,0,0,0,0,0,0,0,0,0,0,0,0,0,0,0,0,1,0,0,0,0,0,0,0,2553,0,0,0,1,5,0,0,-3,1,4,45,0,0,0,0,0,0,0,0,0,0,0,0,0,0,0,0,0,0,0,0
0,0,0,0,0,0,0,0,0,0,0,0,0,0,0,0,0,0,0,0,0,0,0,0,1,0,0,0,0,0,0,0,653754,0,0,0,1,5,0,0,-30241,580,30821,63,0,0,0,10,8,5.4,1726,31,314.8,490.2,753,14,367,155.5,6,0,3,10.4,0,0
0,0,0,0,0,0,0,0,0,0,0,0,0,0,0,0,0,0,0,0,0,0,0,0,1,0,0,0,0,0,0,0,22730,0,0,0,1,5,0,0,-78,4,82,56,0,0,0,0,0,1,22,2,0,3,23,0,12,2.6,0,0,0,0.4,0,0
0,0,0,0,0,0,0,0,0,0,0,0,0,0,0,0,0,0,0,0,0,0,0,0,11,0,0,0,0,0,0,0,20063,0,0,0,1,2,0,0,-292,61,353,44,0,0,0,0,1,3.9,619,6,65.3,104.4,14,4,132,18.4,3,0,2,0.3,0,0
0,38,0,0,0,7,0,3,30,1.8,0,0,0,0,2,0,1.3,10.2,0,0,0,90,0,0,11,0,0,0,0,4,0,0,9177,2,0,1,1,2,1,1,150,257,107,44,0,0,0,0,0,2,1625,31,151.1,201.4,8,0,226,35.9,4,0,0,0.1,0,0
0,0,0,0,0,0,0,0,0,0,0,0,0,0,0,0,0,0,0,0,0,0,0,0,11,0,0,0,0,0,0,0,272782,0,0,0,1,2,0,0,-3610,378,3988,38,0,0,0,0,0,0,0,0,0,0,0,0,0,0,0,0,0,4.4,0,0
0,0,0,0,0,0,0,0,0,0,0,0,0,0,0,0,0,0,0,0,0,0,0,0,11,0,0,0,0,0,0,0,113127,0,0,0,1,2,0,0,-1692,307,1999,38,0,0,0,0,0,0,0,0,0,0,0,0,0,0,0,0,0,1.8,0,0
0,0,0,0,0,0,0,0,0,0,0,0,0,0,0,0,0,0,0,0,0,0,0,0,11,0,0,0,0,0,0,0,6958,0,0,0,1,2,0,0,-274,8,282,42,0,0,0,1,0,1.9,591,10,1.1,134,27,0,86,16.2,0,0,2,0.1,0,0
0,25,0,0,0,6,0,1,18,12.3,0,0,0,0,2,0,2.1,8.2,1,0,0,66,0,0,11,0,0,0,0,5,0,0,57437,2,0,0,1,2,0,2,-2100,1780,3880,49,0,0,0,1,5,2.9,2054,36,596.3,405.2,284,5,293,128.7,5,0,1,0.9,0,0
0,28,1,0,0,10,0,0,22,26,0,0,0,0,1,0,4.7,7.8,2,0,0,50,0,0,11,0,0,0,0,6,0,0,108075,0,0,0,1,2,13,1,289,2139,1850,67,0,0,0,2,2,3.1,1361,22,645.5,327,290,9,263,126.4,2,0,0,1.7,0,0
0,16,0,1,0,-5,0,0,6,0.8,0,0,0,0,2,0,0.5,0,0,0,0,90,3,0,11,0,0,0,0,1,0,0,151734,3,0,2,1,2,8,2,-16856,1488,18344,63,0,0,0,10,0,3.5,1773,32,134.9,369.4,613,13,256,110.4,3,0,3,2.5,0,0
0,0,0,0,0,0,0,0,0,0,0,0,0,0,0,0,0,0,0,0,0,0,0,0,11,0,0,0,0,0,0,0,4085,0,0,0,1,2,0,0,-7,5,12,49,0,0,0,0,0,0,0,0,0,0,0,0,0,0,0,0,0,0.1,0,0
0,0,0,0,0,0,0,0,0,0,0,0,0,0,0,0,0,0,0,0,0,0,0,0,11,0,0,0,0,0,0,0,19104,0,0,0,1,2,0,0,-32,11,43,45,0,0,0,0,0,0,0,0,0,0,0,0,0,0,0,0,0,0.3,0,0
0,4,0,0,0,3,0,0,1,0.1,0,0,0,2,0,0,0.8,0,0,0,0,23,0,0,11,0,0,0,0,1,0,0,24214,0,1,0,1,2,8,1,-2962,193,3155,53,0,0,0,2,0,2.1,1005,14,170.6,144.6,332,6,134,64.4,3,0,1,0.4,0,0
0,0,0,0,0,0,0,0,0,0,0,0,0,0,0,0,0,0,0,0,0,0,0,0,15,0,0,0,0,0,0,0,10477,0,0,0,0,2,0,0,-13,26,39,48,0,0,0,0,0,0,0,0,0,0,0,0,0,0,0,0,0,0.2,0,0
0,0,0,0,0,0,0,0,0,0,0,0,0,0,0,0,0,0,0,0,0,0,0,0,15,0,0,0,0,0,0,0,13595,0,0,0,0,2,0,0,-19,44,63,46,0,0,0,0,0,1.5,1208,32,103.3,225.6,28,0,193,35.8,3,0,5,0.2,0,0
0,61,0,0,0,11,0,4,48,0.9,1,0,0,0,2,0,2.7,14.4,0,0,0,90,0,0,15,0,0,0,0,13,0,0,106218,0,0,1,0,2,12,0,1256,2145,889,46,0,0,1,0,2,2.3,2520,50,91.1,653,165,4,424,91,6,0,7,1.7,0,0
0,0,0,0,0,0,0,0,0,0,0,0,0,0,0,0,0,0,0,0,0,0,0,0,15,0,0,0,0,0,0,0,30494,0,0,0,0,2,0,0,71,151,80,47,0,0,0,0,0,2.3,228,6,17.2,48.4,19,0,44,8.5,1,0,1,0.5,0,0
0,0,0,0,0,0,0,0,0,0,0,0,0,0,0,0,0,0,0,0,0,0,0,0,15,0,0,0,0,0,0,0,19836,0,0,0,0,2,0,0,111,324,213,41,0,0,0,0,1,2.7,513,9,11.6,147.8,8,0,101,16.8,1,0,0,0.3,0,0
0,0,0,0,0,0,0,0,0,0,0,0,0,0,0,0,0,0,0,0,0,0,0,0,15,0,0,0,0,0,0,0,1332,0,0,0,0,2,0,0,0,7,7,53,0,0,0,0,0,1.7,449,14,36.6,61.4,0,0,70,9.9,0,0,0,0,0,0
0,0,0,0,0,0,0,0,0,0,0,0,0,0,0,0,0,0,0,0,0,0,0,0,15,0,0,0,0,0,0,0,1639,0,0,0,0,2,0,0,3,8,5,47,0,0,0,0,0,0,0,0,0,0,0,0,0,0,0,0,0,0,0,0
0,0,0,0,0,0,0,0,0,0,0,0,0,0,0,0,0,0,0,0,0,0,0,0,15,0,0,0,0,0,0,0,20001,0,0,0,0,2,0,0,-179,6,185,49,0,0,0,1,1,2.6,1214,22,121.2,151.6,108,2,133,38,3,0,1,0.3,0,0
0,0,0,0,0,0,0,0,0,0,0,0,0,0,0,0,0,0,0,0,0,0,0,0,15,0,0,0,0,0,0,0,43730,0,0,0,0,2,0,0,-1485,10,1495,53,0,0,0,3,0,2.4,907,20,108.6,152,292,7,130,54.3,2,0,0,0.7,0,0
0,0,0,0,0,0,0,0,0,0,0,0,0,0,0,0,0,0,0,0,0,0,0,0,15,0,0,0,0,0,0,0,52024,0,0,0,0,2,0,0,-109,9,118,45,0,0,0,0,0,0,0,0,0,0,0,0,0,0,0,0,0,0.8,0,0
0,0,0,0,0,0,0,0,0,0,0,0,0,0,0,0,0,0,0,0,0,0,0,0,8,0,0,0,0,0,0,0,5696,0,0,0,3,0,0,0,-31,17,48,43,1,0,0,0,0,0,0,0,0,0,0,0,0,0,0,0,0,0.1,0,0
0,0,0,0,0,0,0,0,0,0,0,0,0,0,0,0,0,0,0,0,0,0,0,0,8,0,0,0,0,0,0,0,162209,0,0,0,3,0,0,0,7476,11098,3622,38,1,0,0,0,0,0,0,0,0,0,0,0,0,0,0,0,0,2.6,0,0
0,0,0,0,0,0,0,0,0,0,0,0,0,0,0,0,0,0,0,0,0,0,0,0,8,0,0,0,0,0,0,0,246955,0,0,0,3,0,0,0,-1984,6867,8851,39,1,0,0,0,0,1.9,642,12,21.9,126.6,6,0,99,15.5,2,0,1,4,0,0
0,0,0,0,0,0,0,0,0,0,0,0,0,0,0,0,0,0,0,0,0,0,0,0,8,0,0,0,0,0,0,0,33074,0,0,0,3,0,0,0,667,1084,417,39,1,0,0,0,0,0.3,97,4,1.5,12.2,0,0,11,1.5,0,0,0,0.5,0,0
0,0,0,0,0,0,0,0,0,0,0,0,0,0,0,0,0,0,0,0,0,0,0,0,8,0,0,0,0,0,0,0,1889,0,0,0,3,0,0,0,-7,6,13,40,1,0,0,0,0,0,0,0,0,0,0,0,0,0,0,0,0,0,0,0
0,17,0,0,0,8,0,0,12,5.3,0,0,0,1,2,0,0.6,0.6,0,0,0,67,0,0,8,0,0,0,0,3,0,0,6120,0,1,0,3,0,0,2,-70,41,111,50,1,0,0,2,1,2.3,1510,38,183.1,169.6,288,1,138,63.4,4,0,4,0.1,0,0
0,13,0,0,0,12,0,2,11,12.8,0,0,0,0,2,0,2.4,7.4,1,0,0,68,0,0,8,0,0,0,0,3,0,0,1968,2,3,1,3,0,4,2,-50,24,74,48,1,0,0,1,0,2.1,502,10,99.7,123.6,140,1,99,36.5,2,0,0,0,0,0
0,0,0,0,0,0,0,0,0,0,0,0,0,0,0,0,0,0,0,0,0,0,0,0,8,0,0,0,0,0,0,0,3937,0,0,0,3,0,0,0,-14,3,17,44,1,0,0,0,0,0,0,0,0,0,0,0,0,0,0,0,0,0.1,0,0
0,0,0,0,0,0,0,0,0,0,0,0,0,0,0,0,0,0,0,0,0,0,0,0,8,0,0,0,0,0,0,0,4124,0,0,0,3,0,0,0,84,170,86,43,1,0,0,0,0,1,21,2,1,0.6,8,0,6,0.9,0,0,0,0.1,0,0
0,4,0,0,0,2,0,0,2,0.3,0,0,0,0,1,0,0.5,0,0,0,0,9,0,0,8,0,0,0,0,0,0,0,13867,0,0,1,3,0,6,1,-34,189,223,43,1,0,0,1,0,1.7,331,11,56.7,60.2,69,0,58,18.3,0,0,0,0.2,0,0
0,6,0,0,0,-4,0,1,5,0.8,0,0,0,2,1,0,0.1,0,0,0,0,22,0,0,8,0,0,0,0,1,0,0,16535,2,0,0,3,0,2,0,-450,116,566,48,1,0,1,3,0,2.5,1306,24,147.1,195.6,459,1,116,79.4,5,0,1,0.3,0,0
0,0,0,0,0,0,0,0,0,0,0,0,0,0,0,0,0,0,0,0,0,0,0,0,8,0,0,0,0,0,0,0,7583,0,0,0,3,0,0,0,-24,8,32,45,1,0,0,0,0,0,0,0,0,0,0,0,0,0,0,0,0,0.1,0,0
0,0,0,0,0,0,0,0,0,0,0,0,0,0,0,0,0,0,0,0,0,0,0,0,8,0,0,0,0,0,0,0,58727,0,0,0,3,0,0,0,-525,247,772,44,1,0,0,0,0,1,32,3,1.5,2,8,0,13,1,0,0,0,0.9,0,0
0,0,0,0,0,0,0,0,0,0,0,0,0,0,0,0,0,0,0,0,0,0,0,0,17,0,0,0,0,0,0,0,29712,0,0,0,0,2,0,0,-25,1,26,55,1,0,0,0,0,0,0,0,0,0,0,0,0,0,0,0,0,0.5,0,0
0,27,0,0,0,19,1,1,18,0,0,0,0,0,0,0,0.4,3.6,0,0,0,90,0,0,17,0,0,0,0,4,0,0,7596,0,0,0,0,2,0,6,187,246,59,47,1,0,0,0,0,6,90,0,0,3.6,0,0,19,0.4,1,0,0,0.1,0,0
0,0,0,0,0,0,0,0,0,0,0,0,0,0,0,0,0,0,0,0,0,0,0,0,17,0,0,0,0,0,0,0,32958,0,0,0,0,2,0,0,-124,16,140,50,1,0,0,0,0,1,21,0,0,2.8,0,0,3,0.3,0,0,0,0.5,0,0
0,37,0,0,0,28,1,10,30,3.5,0,0,0,1,0,0,3,26.8,0,0,0,90,0,0,17,0,0,0,0,5,0,0,737535,0,2,0,0,2,0,5,-9273,19229,28502,59,1,0,1,2,2,4.7,2340,27,277.2,643.6,243,16,596,116.2,12,0,3,12.1,0,0
0,0,0,0,0,0,0,0,0,0,0,0,0,0,0,0,0,0,0,0,0,0,0,0,17,0,0,0,0,0,0,0,79218,0,0,0,0,2,0,0,-208,4,212,55,1,0,0,0,0,1,26,1,12.7,1.2,6,0,3,2,0,0,0,1.3,0,0
0,0,0,0,0,0,0,0,0,0,0,0,0,0,0,0,0,0,0,0,0,0,0,0,17,0,0,0,0,0,0,0,8441,0,0,0,0,2,0,0,-47,29,76,50,1,0,0,0,0,1,18,0,0.4,3.8,21,0,5,2.5,0,0,0,0.1,0,0
0,0,0,0,0,0,0,0,0,0,0,0,0,0,0,0,0,0,0,0,0,0,0,0,17,0,0,0,0,0,0,0,21689,0,0,0,0,2,0,0,-58,1,59,62,1,0,0,0,0,1,175,2,58.5,37,14,0,36,10.9,0,0,1,0.3,0,0
0,0,0,0,0,0,0,0,0,0,0,0,0,0,0,0,0,0,0,0,0,0,0,0,17,0,0,0,0,0,0,0,6936,0,0,0,0,2,0,0,-19,22,41,46,1,0,0,0,0,0,0,0,0,0,0,0,0,0,0,0,0,0.1,0,0
0,0,0,0,0,0,0,0,0,0,0,0,0,0,0,0,0,0,0,0,0,0,0,0,17,0,0,0,0,0,0,0,4319,0,0,0,0,2,0,0,-12,1,13,49,1,0,0,0,0,0,0,0,0,0,0,0,0,0,0,0,0,0.1,0,0
0,0,0,0,0,0,0,0,0,0,0,0,0,0,0,0,0,0,0,0,0,0,0,0,17,0,0,0,0,0,0,0,2862,0,0,0,0,2,0,0,18,45,27,44,1,0,0,0,0,0,0,0,0,0,0,0,0,0,0,0,0,0,0,0
0,0,0,0,0,0,0,0,0,0,0,0,0,0,0,0,0,0,0,0,0,0,0,0,17,0,0,0,0,0,0,0,137950,0,0,0,0,2,0,0,2025,5070,3045,42,1,0,0,0,0,1,74,1,5.1,3.2,6,0,13,1.2,0,0,0,2.2,0,0
0,2,0,0,0,2,0,0,1,0,0,0,0,0,0,0,0.2,0,0,0,0,6,0,0,17,0,0,0,0,0,0,0,113047,1,0,0,0,2,2,1,-14,398,412,77,1,0,0,1,4,2.1,657,4,224.3,146,326,2,130,68.6,5,0,1,1.8,0,0
0,0,0,0,0,0,0,0,0,0,0,0,0,0,0,0,0,0,0,0,0,0,0,0,17,0,0,0,0,0,0,0,85477,0,0,0,0,2,0,0,-360,6,366,84,1,0,0,5,0,2.9,936,11,130.2,219.8,523,3,119,86.3,6,0,3,1.4,0,0
0,0,0,0,0,0,0,0,0,0,0,0,0,0,0,0,0,0,0,0,0,0,0,0,14,0,0,0,0,0,0,0,698265,0,0,0,3,1,0,0,-8687,1851,10538,39,1,0,0,0,0,1,90,4,0,31.4,0,0,16,3.1,0,0,0,11.2,0,0
0,16,0,0,0,9,0,0,3,0,0,0,0,0,3,0,0.5,4.6,0,0,0,90,0,0,14,0,0,0,0,5,0,1,100383,0,0,0,3,1,0,1,3486,5747,2261,42,1,0,0,0,0,3.7,944,9,0,149.6,0,2,178,15,4,0,2,1.6,0,0
0,39,0,0,0,9,0,4,34,0.4,0,0,0,1,3,0,1.5,12.6,0,0,0,90,0,0,14,0,0,0,0,5,0,0,299756,0,0,0,3,1,2,0,-8695,469,9164,39,1,0,1,0,0,2,480,9,5.7,118.6,6,1,72,13.1,1,0,1,4.8,0,0
0,0,0,0,0,0,0,0,0,0,0,0,0,0,0,0,0,0,0,0,0,0,0,0,14,0,0,0,0,0,0,0,117768,0,0,0,3,1,0,0,-6325,1207,7532,49,1,0,0,0,0,3.3,2416,35,78.2,540.6,47,13,533,66.6,9,0,2,1.8,0,0
0,0,0,0,0,0,0,0,0,0,0,0,0,0,0,0,0,0,0,0,0,0,0,0,14,0,0,0,0,0,0,0,2919,0,0,0,3,1,0,0,10,30,20,43,1,0,0,0,0,0,0,0,0,0,0,0,0,0,0,0,0,0,0,0
0,0,0,0,0,0,0,0,0,0,0,0,0,0,0,0,0,0,0,0,0,0,0,0,20,0,0,0,0,0,0,0,90533,0,0,0,0,1,0,0,-1051,2111,3162,42,1,0,0,0,0,1.4,369,6,66.6,34,35,0,46,13.6,1,0,1,1.4,0,0
0,0,0,0,0,0,0,0,0,0,0,0,0,0,0,0,0,0,0,0,0,0,0,0,14,0,0,0,0,0,0,0,1150,0,0,0,3,1,0,0,11,52,41,49,1,0,0,0,0,1,1,0,0,0,0,0,4,0,0,0,0,0,0,0
0,0,0,0,0,0,0,0,0,0,0,0,0,0,0,0,0,0,0,0,0,0,0,0,14,0,0,0,0,0,0,0,8961,0,0,0,3,1,0,0,-55,8,63,48,1,0,0,0,0,1,173,3,38.3,19.2,59,0,32,11.3,0,0,0,0.1,0,0
0,0,0,0,0,0,0,0,0,0,0,0,0,0,0,0,0,0,0,0,0,0,0,0,5,0,0,0,0,0,0,0,208975,0,0,0,3,0,0,0,5890,7327,1437,39,0,0,0,0,0,0,0,0,0,0,0,0,0,0,0,0,0,3.4,0,0
0,0,0,0,0,0,0,0,0,0,0,0,0,0,0,0,0,0,0,0,0,0,0,0,5,0,0,0,0,0,0,0,34242,0,0,0,3,0,0,0,-85,71,156,50,0,0,0,0,0,1.2,374,6,91.4,48.4,15,0,48,15.4,0,0,0,0.5,0,0
0,55,0,0,0,25,1,6,40,10.2,0,0,0,0,0,0,2.8,14.2,1,0,0,90,0,0,5,0,0,0,0,4,0,0,26195,0,0,0,3,0,4,6,2,93,91,43,0,0,0,0,0,1.3,143,2,10.2,15.4,4,0,23,2.9,1,1,0,0.4,0,0
0,0,0,0,0,0,0,0,0,0,0,0,0,0,0,0,0,0,0,0,0,0,0,0,5,0,0,0,0,0,0,0,2951,0,0,0,3,0,0,0,-6,0,6,45,0,0,0,0,0,0,0,0,0,0,0,0,0,0,0,0,0,0,0,0
0,0,0,0,0,0,0,0,0,0,0,0,0,0,0,0,0,0,0,0,0,0,0,0,5,0,0,0,0,0,0,0,6079,0,0,0,3,0,0,0,-41,0,41,43,0,0,0,0,0,1,407,9,5,92.2,2,0,61,9.9,0,0,1,0.1,0,0
0,0,0,0,0,0,0,0,0,0,0,0,0,0,0,0,0,0,0,0,0,0,0,0,5,0,0,0,0,0,0,0,11195,0,0,0,3,0,0,0,268,454,186,42,0,0,0,0,1,2.1,703,12,100,155,12,0,130,26.6,1,0,0,0.2,0,0
0,0,0,0,0,0,0,0,0,0,0,0,0,0,0,0,0,0,0,0,0,0,0,0,5,0,0,0,0,0,0,0,2488,0,0,0,3,0,0,0,-5,2,7,45,0,0,0,0,0,0,0,0,0,0,0,0,0,0,0,0,0,0,0,0
0,37,0,0,0,2,1,0,28,16.4,0,0,0,1,0,0,4,0,1,0,0,81,0,0,5,0,0,0,0,3,0,0,170061,3,0,4,3,0,28,3,-893,1052,1945,60,0,0,0,3,3,3,1843,31,321.9,319,516,4,225,115.2,6,0,0,2.7,0,0
0,0,0,0,0,0,0,0,0,0,0,0,0,0,0,0,0,0,0,0,0,0,0,0,5,0,0,0,0,0,0,0,5771,0,0,0,3,0,0,0,-7,1,8,58,0,0,0,0,0,0,0,0,0,0,0,0,0,0,0,0,0,0.1,0,0
0,0,0,0,0,0,0,0,0,0,0,0,0,0,0,0,0,0,0,0,0,0,0,0,5,0,0,0,0,0,0,0,2559,0,0,0,3,0,0,0,23,61,38,44,0,0,0,0,0,0,0,0,0,0,0,0,0,0,0,0,0,0,0,0
0,0,0,0,0,0,0,0,0,0,0,0,0,0,0,0,0,0,0,0,0,0,0,0,5,0,0,0,0,0,0,0,7658,0,0,0,3,0,0,0,6,88,82,51,0,0,0,0,0,1.8,965,19,95.3,122.2,85,0,122,30.3,2,0,3,0.1,0,0
0,8,0,0,0,2,0,0,8,1.6,0,0,0,0,0,0,2,0.2,0,0,0,8,0,0,5,0,0,0,0,1,0,0,7086,1,0,0,3,0,18,1,-353,52,405,51,0,0,0,0,2,1.7,526,6,154.5,113.8,144,0,97,41.4,1,0,0,0.1,0,0
0,0,0,0,0,0,0,0,0,0,0,0,0,0,0,0,0,0,0,0,0,0,0,0,5,0,0,0,0,0,0,0,433,0,0,0,3,0,0,0,-3,1,4,60,0,0,0,0,0,0,0,0,0,0,0,0,0,0,0,0,0,0,0,0
0,0,0,0,0,0,0,0,0,0,0,0,0,0,0,0,0,0,0,0,0,0,0,0,5,0,0,0,0,0,0,0,500,0,0,0,3,0,0,0,-1,1,2,50,0,0,0,0,0,0,0,0,0,0,0,0,0,0,0,0,0,0,0,0
0,0,0,0,0,0,0,0,0,0,0,0,0,0,0,0,0,0,0,0,0,0,0,0,5,0,0,0,0,0,0,0,3168,0,0,0,3,0,0,0,-52,6,58,43,0,0,0,0,0,0,0,0,0,0,0,0,0,0,0,0,0,0.1,0,0
0,0,0,0,0,0,0,0,0,0,0,0,0,0,0,0,0,0,0,0,0,0,0,0,16,0,0,0,0,0,0,0,19327,0,0,0,0,2,0,0,-479,14,493,43,0,0,0,0,0,2.1,630,20,0,195,0,0,114,19.4,0,0,1,0.3,0,0
0,0,0,0,0,0,0,0,0,0,0,0,0,0,0,0,0,0,0,0,0,0,0,0,11,0,0,0,0,0,0,0,203757,0,0,0,1,2,0,0,-3402,771,4173,40,0,0,0,0,0,3.8,360,5,0,89.2,0,2,76,8.9,1,0,0,3.3,0,0
0,0,0,0,0,0,0,0,0,0,0,0,0,0,0,0,0,0,0,0,0,0,0,0,16,0,0,0,0,0,0,0,2983,0,0,0,0,2,0,0,-11,3,14,50,0,0,0,0,0,0.9,409,12,33,48.8,7,0,48,9,0,0,4,0,0,0
0,0,0,0,0,0,0,0,0,0,0,0,0,0,0,0,0,0,0,0,0,0,0,0,16,0,0,0,0,0,0,0,2846,0,0,0,0,2,0,0,-12,15,27,43,0,0,0,0,0,1,58,2,6.7,8.4,4,0,14,2,0,0,0,0,0,0
0,0,0,0,0,0,0,0,0,0,0,0,0,0,0,0,0,0,0,0,0,0,0,0,16,0,0,0,0,0,0,0,7959,0,0,0,0,2,0,0,-26,3,29,44,0,0,0,0,0,0,0,0,0,0,0,0,0,0,0,0,0,0.1,0,0
0,0,0,0,0,0,0,0,0,0,0,0,0,0,0,0,0,0,0,0,0,0,0,0,16,0,0,0,0,0,0,0,421503,0,0,0,0,2,0,0,-20221,98,20319,45,0,0,0,3,0,2.2,688,17,149.5,150,244,2,82,53.1,1,0,2,6.7,0,0
0,0,0,0,0,0,0,0,0,0,0,0,0,0,0,0,0,0,0,0,0,0,0,0,20,0,0,0,0,0,0,0,372357,0,0,0,0,1,0,0,-6107,503,6610,40,1,0,0,0,0,1.3,282,11,0,97.8,0,0,50,9.7,0,0,0,6,0,0
0,0,0,0,0,0,0,0,0,0,0,0,0,0,0,0,0,0,0,0,0,0,0,0,20,0,0,0,0,0,0,0,6457,0,0,0,0,1,0,0,-32,42,74,44,1,0,0,0,2,1.8,1534,38,295.4,252.8,96,6,243,64.3,1,0,1,0.1,0,0
0,0,0,0,0,0,0,0,0,0,0,0,0,0,0,0,0,0,0,0,0,0,0,0,20,0,0,0,0,0,0,0,3157,0,0,0,0,1,0,0,-18,16,34,44,1,0,0,0,0,0.5,556,19,45.8,83,14,0,75,14.3,1,1,2,0.1,0,0
0,0,0,0,0,0,0,0,0,0,0,0,0,0,0,0,0,0,0,0,0,0,0,0,20,0,0,0,0,0,0,0,183098,0,0,0,0,1,0,0,-1299,1250,2549,44,1,0,0,3,1,2.9,2057,36,101.9,521,159,4,385,78.4,3,0,6,2.9,0,0
0,0,0,0,0,0,0,0,0,0,0,0,0,0,0,0,0,0,0,0,0,0,0,0,20,0,0,0,0,0,0,0,72314,0,0,0,0,1,0,0,-376,3,379,40,1,0,0,0,0,0,0,0,0,0,0,0,0,0,0,0,0,1.2,0,0
0,8,0,0,0,4,0,0,7,14.9,0,0,0,0,0,0,1.7,1.2,1,0,0,12,0,1,20,0,0,0,0,2,0,0,62328,0,0,1,0,1,1,1,200,502,302,50,1,0,0,2,0,2.6,1639,29,556.1,348.6,258,3,291,116.4,3,0,2,1,0,0
0,0,0,0,0,0,0,0,0,0,0,0,0,0,0,0,0,0,0,0,0,0,0,0,20,0,0,0,0,0,0,0,1511,0,0,0,0,1,0,0,-10,1,11,46,1,0,0,0,0,2,405,6,57.6,27.8,41,0,13,12.6,1,0,0,0,0,0
0,0,0,0,0,0,0,0,0,0,0,0,0,0,0,0,0,0,0,0,0,0,0,0,20,0,0,0,0,0,0,0,406,0,0,0,0,1,0,0,-1,1,2,50,1,0,0,0,0,0,0,0,0,0,0,0,0,0,0,0,0,0,0,0
0,0,0,0,0,0,0,0,0,0,0,0,0,0,0,0,0,0,0,0,0,0,0,0,20,0,0,0,0,0,0,0,808,0,0,0,0,1,0,0,-1,11,12,45,1,0,0,0,0,1.3,83,0,1.1,5,1,0,6,0.6,1,0,1,0,0,0
0,0,0,0,0,0,0,0,0,0,0,0,0,0,0,0,0,0,0,0,0,0,0,0,20,0,0,0,0,0,0,0,2942,0,0,0,0,1,0,0,-11,19,30,43,1,0,0,0,0,1,48,3,0.5,4.2,2,0,6,0.7,0,0,0,0,0,0
0,0,0,0,0,0,0,0,0,0,0,0,0,0,0,0,0,0,0,0,0,0,0,0,20,0,0,0,0,0,0,0,4574,0,0,0,0,1,0,0,-9,2,11,47,1,0,0,0,0,1,75,2,48.2,15.4,6,0,13,6.9,0,0,0,0.1,0,0
0,0,0,0,0,0,0,0,0,0,0,0,0,0,0,0,0,0,0,0,0,0,0,0,20,0,0,0,0,0,0,0,217958,0,0,0,0,1,0,0,-3223,1631,4854,43,1,0,0,0,0,1,37,2,13.7,2.2,0,0,3,1.6,0,0,0,3.5,0,0
0,0,0,0,0,0,0,0,0,0,0,0,0,0,0,0,0,0,0,0,0,0,0,0,20,0,0,0,0,0,0,0,26232,0,0,0,0,1,0,0,494,994,500,51,1,0,0,0,1,1.5,1058,23,124.3,51.6,381,0,40,54.8,0,0,1,0.4,0,0
0,0,0,0,0,0,0,0,0,0,0,0,0,0,0,0,0,0,0,0,0,0,0,0,3,0,0,0,0,0,0,0,5447,0,0,0,1,2,0,0,-14,13,27,43,1,0,0,0,0,0,0,0,0,0,0,0,0,0,0,0,0,0.1,0,0
0,0,0,0,0,0,0,0,0,0,0,0,0,0,0,0,0,0,0,0,0,0,0,0,3,0,0,0,0,0,0,0,25577,0,0,0,1,2,0,0,218,399,181,41,1,0,0,0,0,1,180,5,85.4,44.2,14,0,35,14.3,0,0,0,0.4,0,0
0,0,0,0,0,0,0,0,0,0,0,0,0,0,0,0,0,0,0,0,0,0,0,0,3,0,0,0,0,0,0,0,13630,0,0,0,1,2,0,0,-35,98,133,42,1,0,0,0,0,2.2,275,4,12.5,73.4,2,0,47,8.8,1,0,0,0.2,0,0
0,0,0,0,0,0,0,0,0,0,0,0,0,0,0,0,0,0,0,0,0,0,0,0,3,0,0,0,0,0,0,0,47411,0,0,0,1,2,0,0,-461,41,502,39,1,0,0,0,0,0,0,0,0,0,0,0,0,0,0,0,0,0.8,0,0
0,40,0,0,0,15,0,10,35,3.1,0,0,0,1,1,0,2.9,22.8,0,0,0,90,0,0,3,0,0,0,0,5,0,0,920535,1,1,1,1,2,3,2,29945,55647,25702,54,1,0,0,2,6,4.2,2223,36,384.8,662.6,308,14,479,135.5,7,0,5,14.6,0,0
0,0,0,0,0,0,0,0,0,0,0,0,0,0,0,0,0,0,0,0,0,0,0,0,3,0,0,0,0,0,0,0,22425,0,0,0,1,2,0,0,-926,18,944,51,1,0,0,2,2,2.4,1300,15,327.8,322.8,197,4,237,84.8,3,0,3,0.4,0,0
0,0,0,0,0,0,0,0,0,0,0,0,0,0,0,0,0,0,0,0,0,0,0,0,3,0,0,0,0,0,0,0,9794,0,0,0,1,2,0,0,-51,14,65,43,1,0,0,0,0,1.7,639,9,46.7,139,21,0,103,20.8,1,0,2,0.2,0,0
0,0,0,0,0,0,0,0,0,0,0,0,0,0,0,0,0,0,0,0,0,0,0,0,3,0,0,0,0,0,0,0,2323,0,0,0,1,2,0,0,-6,0,6,47,1,0,0,0,0,1.1,224,4,27.8,26.8,25,0,31,8,0,0,0,0,0,0
0,0,0,0,0,0,0,0,0,0,0,0,0,0,0,0,0,0,0,0,0,0,0,0,3,0,0,0,0,0,0,0,1620,0,0,0,1,2,0,0,21,72,51,44,1,0,0,0,0,0,0,0,0,0,0,0,0,0,0,0,0,0,0,0
0,0,0,0,0,0,0,0,0,0,0,0,0,0,0,0,0,0,0,0,0,0,0,0,3,0,0,0,0,0,0,0,9218,0,0,0,1,2,0,0,-255,63,318,43,1,0,0,0,0,2.2,332,3,30.5,67.2,41,0,41,14,2,0,0,0.1,0,0
0,0,0,0,0,0,0,0,0,0,0,0,0,0,0,0,0,0,0,0,0,0,0,0,3,0,0,0,0,0,0,0,9746,0,0,0,1,2,0,0,-69,0,69,47,1,0,0,0,0,1.5,87,1,6.3,14.2,0,0,16,2.1,0,0,0,0.2,0,0
0,0,0,0,0,0,0,0,0,0,0,0,0,0,0,0,0,0,0,0,0,0,0,0,3,0,0,0,0,0,0,0,2075,0,0,0,1,2,0,0,-16,0,16,46,1,0,0,0,0,1,54,1,15.8,7.4,0,0,4,2.3,0,0,0,0,0,0
0,1,0,0,0,3,0,0,0,0,0,0,0,0,0,0,0,0,0,0,0,1,0,0,3,0,0,0,0,0,0,0,34042,0,0,0,1,2,0,1,109,391,282,52,1,0,0,0,1,1.2,198,4,24.6,40.4,69,0,54,13.2,0,0,0,0.5,0,0
0,0,0,0,0,0,0,0,0,0,0,0,0,0,0,0,0,0,0,0,0,0,0,0,18,0,0,0,0,0,0,0,7508,0,0,0,0,5,0,0,-7,23,30,47,1,0,0,0,0,0,0,0,0,0,0,0,0,0,0,0,0,0.1,0,0
0,0,0,0,0,0,0,0,0,0,0,0,0,0,0,0,0,0,0,0,0,0,0,0,18,0,0,0,0,0,0,0,5261,0,0,0,0,5,0,0,-3,3,6,49,1,0,0,0,0,0,0,0,0,0,0,0,0,0,0,0,0,0.1,0,0
0,0,0,0,0,0,0,0,0,0,0,0,0,0,0,0,0,0,0,0,0,0,0,0,18,0,0,0,0,0,0,0,100072,0,0,0,0,5,0,0,-3237,42,3279,49,1,0,0,1,1,6,810,5,27,196.8,68,9,207,29.2,5,0,1,1.6,0,0
0,0,0,0,0,0,0,0,0,0,0,0,0,0,0,0,0,0,0,0,0,0,0,0,18,0,0,0,0,0,0,0,15422,0,0,0,0,5,0,0,-44,80,124,41,1,0,0,0,0,2,154,2,42,20,5,0,24,6.7,0,0,0,0.2,0,0
0,0,0,0,0,0,0,0,0,0,0,0,0,0,0,0,0,0,0,0,0,0,0,0,18,0,0,0,0,0,0,0,64549,0,0,0,0,5,0,0,-498,24,522,48,1,0,0,0,0,4,1047,4,91.8,208.6,44,2,259,34.5,7,0,2,1,0,0
0,0,0,0,0,0,0,0,0,0,0,0,0,0,0,0,0,0,0,0,0,0,0,0,18,0,0,0,0,0,0,0,2498,0,0,0,0,5,0,0,-6,0,6,44,1,0,0,0,0,0,0,0,0,0,0,0,0,0,0,0,0,0,0,0
0,0,0,0,0,0,0,0,0,0,0,0,0,0,0,0,0,0,0,0,0,0,0,0,18,0,0,0,0,0,0,0,2538,0,0,0,0,5,0,0,-8,19,27,64,1,0,0,0,0,0,0,0,0,0,0,0,0,0,0,0,0,0,0,0
0,5,0,0,0,2,0,0,5,0.5,0,0,0,0,0,0,0.1,0.4,0,0,0,6,0,0,18,0,0,0,0,0,0,0,97913,1,0,0,0,5,0,1,-58,348,406,71,1,0,0,0,1,2.1,1060,6,156.6,172.6,284,0,154,61.4,7,0,0,1.6,0,0
0,0,0,0,0,0,0,0,0,0,0,0,0,0,0,0,0,0,0,0,0,0,0,0,9,0,0,0,0,0,0,0,191314,0,0,0,0,2,0,0,-22047,307,22354,54,1,0,0,7,1,4.1,1249,20,232.4,365.8,655,11,261,125.3,4,0,1,3,0,0
0,0,0,0,0,0,0,0,0,0,0,0,0,0,0,0,0,0,0,0,0,0,0,0,1,0,0,0,0,0,0,0,31185,0,0,0,1,5,0,0,3485,4744,1259,47,0,0,0,0,0,1.7,182,3,25.8,32.8,95,0,13,15.4,0,0,0,0.5,0,0
0,0,0,0,0,0,0,0,0,0,0,0,0,0,0,0,0,0,0,0,0,0,0,0,19,0,0,0,0,0,0,0,6718,0,0,0,0,1,0,0,-9,10,19,48,1,0,0,0,0,0,0,0,0,0,0,0,0,0,0,0,0,0.1,0,0
0,69,0,0,2,31,1,3,58,6.3,0,0,0,0,0,0,4.2,17.2,0,0,0,90,0,0,19,0,0,0,0,8,0,0,59172,1,4,1,0,1,18,8,-5257,1637,6894,51,1,0,0,1,0,4.5,712,7,112.7,151.8,99,5,163,36.4,3,0,1,1,0,0
0,0,0,0,0,0,0,0,0,0,0,0,0,0,0,0,0,0,0,0,0,0,0,0,19,0,0,0,0,0,0,0,373755,0,0,0,0,1,0,0,-534,890,1424,61,1,0,0,0,6,6.3,810,5,213.3,231.2,63,6,250,50.6,4,0,1,6,0,0
0,0,0,0,0,0,0,0,0,0,0,0,0,0,0,0,0,0,0,0,0,0,0,0,19,0,0,0,0,0,0,0,687565,0,0,0,0,1,0,0,-146969,29942,176911,60,1,0,0,2,1,4.2,2336,19,164.2,559,196,4,538,92.2,12,0,3,10.2,0,0
0,0,0,0,0,0,0,0,0,0,0,0,0,0,0,0,0,0,0,0,0,0,0,0,19,0,0,0,0,0,0,0,16801,0,0,0,0,1,0,0,86,317,231,53,1,0,0,0,1,2.6,722,9,97.8,153.8,24,2,186,27.5,3,1,1,0.3,0,0
0,0,0,0,0,0,0,0,0,0,0,0,0,0,0,0,0,0,0,0,0,0,0,0,19,0,0,0,0,0,0,0,220857,0,0,0,0,1,0,0,-13579,1051,14630,53,1,0,0,1,3,2.9,2168,15,351.6,502.8,191,4,409,104.8,11,0,5,3.5,0,0
0,32,0,0,0,11,0,2,29,7.3,3,0,0,0,0,0,2,6.8,0,0,0,56,2,0,19,0,0,0,0,5,0,0,652126,3,1,0,0,1,6,1,14157,52911,38754,95,1,0,0,8,11,5.5,1495,12,550.9,586.6,828,13,439,196.7,7,0,1,10.2,0,0
0,12,0,0,0,3,0,0,9,1.8,0,0,0,0,0,0,0.4,0.2,0,0,0,5,0,0,19,0,0,0,0,1,0,0,7399,0,0,0,0,1,2,1,90,228,138,45,1,0,0,0,0,1,97,0,65.4,18.8,71,0,37,15.5,0,0,0,0.1,0,0
0,0,0,0,0,0,0,0,0,0,0,0,0,0,0,0,0,0,0,0,0,0,0,0,19,0,0,0,0,0,0,0,2514,0,0,0,0,1,0,0,-7,0,7,47,1,0,0,0,0,0,0,0,0,0,0,0,0,0,0,0,0,0,0,0
0,0,0,0,0,0,0,0,0,0,0,0,0,0,0,0,0,0,0,0,0,0,0,0,7,0,0,0,0,0,0,0,4155,0,0,0,3,1,0,0,-3,27,30,49,0,0,0,0,0,0,0,0,0,0,0,0,0,0,0,0,0,0.1,0,0
0,0,0,0,0,0,0,0,0,0,0,0,0,0,0,0,0,0,0,0,0,0,0,0,7,0,0,0,0,0,0,0,39051,0,0,0,3,1,0,0,-1184,285,1469,51,0,0,0,0,1,3,876,10,29.4,196,35,3,197,26.2,3,0,0,0.6,0,0
0,0,0,0,0,0,0,0,0,0,0,0,0,0,0,0,0,0,0,0,0,0,0,0,7,0,0,0,0,0,0,0,4169,0,0,0,3,1,0,0,8,29,21,49,0,0,0,0,0,-0.5,103,3,1.5,14.2,24,0,1,4,0,0,1,0.1,0,0
0,0,0,0,0,0,0,0,0,0,0,0,0,0,0,0,0,0,0,0,0,0,0,0,7,0,0,0,0,0,0,0,42115,0,0,0,3,1,0,0,-222,21,243,64,0,0,0,0,0,3.2,450,5,99.1,59.8,3,1,90,16.2,2,0,2,0.7,0,0
0,0,0,0,0,0,0,0,0,0,0,0,0,0,0,0,0,0,0,0,0,0,0,0,7,0,0,0,0,0,0,0,11305,0,0,0,3,1,0,0,-82,12,94,46,0,0,0,0,0,2.6,361,6,34.3,77.4,7,2,69,11.9,1,0,0,0.2,0,0
0,0,0,0,0,0,0,0,0,0,0,0,0,0,0,0,0,0,0,0,0,0,0,0,7,0,0,0,0,0,0,0,547,0,0,0,3,1,0,0,-1,2,3,50,0,0,0,0,0,0,0,0,0,0,0,0,0,0,0,0,0,0,0,0
0,6,0,0,0,3,0,1,3,0.3,0,0,0,0,0,0,0.3,2.6,0,0,0,13,0,0,7,0,0,0,0,2,0,0,83688,0,0,0,3,1,0,1,-154,205,359,50,0,0,0,0,0,1.3,566,12,3.1,113.6,8,0,99,12.6,1,1,0,1.3,0,0
0,0,0,0,0,0,0,0,0,0,0,0,0,0,0,0,0,0,0,0,0,0,0,0,7,0,0,0,0,0,0,0,47332,0,0,0,3,1,0,0,-3051,200,3251,50,0,0,0,1,0,2.2,2036,29,235,417.6,169,2,317,82.3,6,1,5,0.7,0,0
0,0,0,0,0,0,0,0,0,0,0,0,0,0,0,0,0,0,0,0,0,0,0,0,7,0,0,0,0,0,0,0,63247,0,0,0,3,1,0,0,-1686,305,1991,61,0,0,0,2,3,2.9,997,12,315.9,187.8,216,5,213,72.2,4,0,2,1,0,0
0,0,0,0,0,0,0,0,0,0,0,0,0,0,0,0,0,0,0,0,0,0,0,0,7,0,0,0,0,0,0,0,27671,0,0,0,3,1,0,0,-135,7,142,48,0,0,0,0,2,1.9,746,14,65.6,172.2,145,0,119,38.1,1,0,1,0.4,0,0
0,0,0,0,0,0,0,0,0,0,0,0,0,0,0,0,0,0,0,0,0,0,0,0,7,0,0,0,0,0,0,0,54008,0,0,0,3,1,0,0,-8558,1030,9588,50,0,0,0,2,3,3,1208,16,213.3,369,224,6,273,80.7,4,0,3,0.8,0,0
0,0,0,0,0,0,0,0,0,0,0,0,0,0,0,0,0,0,0,0,0,0,0,0,7,0,0,0,0,0,0,0,205041,0,0,0,3,1,0,0,-24489,288,24777,67,0,0,0,4,3,3.2,1278,18,238.4,272,323,5,236,83.2,3,0,2,3.2,0,0
0,0,0,0,0,0,0,0,0,0,0,0,0,0,0,0,0,0,0,0,0,0,0,0,7,0,0,0,0,0,0,0,280284,0,0,0,3,1,0,0,-34845,4113,38958,72,0,0,0,9,3,5.1,1269,18,421.3,460.6,570,12,327,145,4,0,2,4.3,0,0
0,0,0,0,0,0,0,0,0,0,0,0,0,0,0,0,0,0,0,0,0,0,0,0,4,0,0,0,0,0,0,0,9709,0,0,0,0,2,0,0,-97,8,105,43,1,0,0,0,0,0,0,0,0,0,0,0,0,0,0,0,0,0.2,0,0
0,0,0,0,0,0,0,0,0,0,0,0,0,0,0,0,0,0,0,0,0,0,0,0,4,0,0,0,0,0,0,0,3519,0,0,0,0,2,0,0,-7,33,40,44,1,0,0,0,0,0,0,0,0,0,0,0,0,0,0,0,0,0.1,0,0
0,34,0,0,0,25,1,0,15,0,0,0,0,0,0,0,2.1,21,0,0,0,90,0,0,4,0,0,0,0,10,0,2,57382,0,0,0,0,2,0,6,2419,5780,3361,50,1,0,0,0,0,3.8,2520,34,0,641.4,0,8,507,64.1,9,0,0,0.9,0,0
0,0,0,0,0,0,0,0,0,0,0,0,0,0,0,0,0,0,0,0,0,0,0,0,4,0,0,0,0,0,0,0,79369,0,0,0,0,2,0,0,7400,9191,1791,45,1,0,0,1,1,2.2,2112,34,365,394.2,89,1,290,85,5,1,6,1.3,0,0
0,0,0,0,0,0,0,0,0,0,0,0,0,0,0,0,0,0,0,0,0,0,0,0,4,0,0,0,0,0,0,0,11143,0,0,0,0,2,0,0,-427,7,434,45,1,0,0,3,0,3.8,857,15,25,293.2,105,4,194,42.6,2,0,1,0.2,0,0
0,0,0,0,0,0,0,0,0,0,0,0,0,0,0,0,0,0,0,0,0,0,0,0,4,0,0,0,0,0,0,0,6109,0,0,0,0,2,0,0,-16,7,23,40,1,0,0,0,0,0,0,0,0,0,0,0,0,0,0,0,0,0.1,0,0
0,0,0,0,0,0,0,0,0,0,0,0,0,0,0,0,0,0,0,0,0,0,0,0,4,0,0,0,0,0,0,0,21574,0,0,0,0,2,0,0,17,58,41,53,1,0,0,0,1,2.2,748,12,286.5,162.4,118,0,116,56.7,3,0,0,0.3,0,0
0,0,0,0,0,0,0,0,0,0,0,0,0,0,0,0,0,0,0,0,0,0,0,0,4,0,0,0,0,0,0,0,2168,0,0,0,0,2,0,0,-26,1,27,47,1,0,0,0,1,1.8,296,8,31.1,53.6,22,0,50,10.7,1,0,0,0,0,0
0,0,0,0,0,0,0,0,0,0,0,0,0,0,0,0,0,0,0,0,0,0,0,0,4,0,0,0,0,0,0,0,76,0,0,0,0,2,0,0,-3,2,5,50,1,0,0,0,0,0,0,0,0,0,0,0,0,0,0,0,0,0,0,0
0,0,0,0,0,0,0,0,0,0,0,0,0,0,0,0,0,0,0,0,0,0,0,0,4,0,0,0,0,0,0,0,5060,0,0,0,0,2,0,0,-6,27,33,47,1,0,0,0,1,2.3,844,12,212.5,123.8,25,1,139,36.1,2,0,1,0.1,0,0
0,0,0,0,0,0,0,0,0,0,0,0,0,0,0,0,0,0,0,0,0,0,0,0,4,0,0,0,0,0,0,0,3257,0,0,0,0,2,0,0,-5,1,6,60,1,0,0,0,0,0,0,0,0,0,0,0,0,0,0,0,0,0.1,0,0
0,1,0,0,0,4,0,0,1,0,0,0,0,0,0,0,0.3,3.2,0,0,0,3,0,0,4,0,0,0,0,2,0,0,139734,1,1,0,0,2,0,1,477,2525,2048,47,1,0,0,2,0,1.9,586,15,35.9,121.4,290,3,89,44.6,1,0,1,2.2,0,0
0,0,0,0,0,0,0,0,0,0,0,0,0,0,0,0,0,0,0,0,0,0,0,0,9,0,0,0,0,0,0,0,163490,0,0,0,0,2,0,0,-1840,1690,3530,44,1,0,0,0,0,2.9,2250,44,0,585.2,0,6,414,58.6,4,0,1,2.6,0,0
0,0,0,0,0,0,0,0,0,0,0,0,0,0,0,0,0,0,0,0,0,0,0,0,9,0,0,0,0,0,0,0,38261,0,0,0,0,2,0,0,-96,106,202,42,1,0,0,0,0,0,0,0,0,0,0,0,0,0,0,0,0,0.6,0,0
0,40,0,0,0,21,1,0,35,19.8,0,0,0,1,0,0,2.9,4.4,1,0,0,90,0,1,9,0,0,0,0,1,0,0,118511,3,1,1,0,2,5,6,112,574,462,48,1,0,0,1,0,2.9,1260,23,277.1,221.4,92,1,202,58.9,5,0,5,1.9,0,0
0,0,0,0,0,0,0,0,0,0,0,0,0,0,0,0,0,0,0,0,0,0,0,0,9,0,0,0,0,0,0,0,149859,0,0,0,0,2,0,0,-4707,5,4712,42,1,0,0,1,2,2.9,1493,31,226.5,309,103,7,273,63.9,4,0,4,2.4,0,0
0,0,0,0,0,0,0,0,0,0,0,0,0,0,0,0,0,0,0,0,0,0,0,0,9,0,0,0,0,0,0,0,24195,0,0,0,0,2,0,0,3235,4285,1050,42,1,0,0,1,0,2.4,1272,25,62.8,314.8,139,4,227,51.7,3,0,3,0.4,0,0
0,0,0,0,0,0,0,0,0,0,0,0,0,0,0,0,0,0,0,0,0,0,0,0,9,0,0,0,0,0,0,0,29490,0,0,0,0,2,0,0,-122,2,124,40,1,0,0,0,0,0,0,0,0,0,0,0,0,0,0,0,0,0.5,0,0
0,0,0,0,0,0,0,0,0,0,0,0,0,0,0,0,0,0,0,0,0,0,0,0,9,0,0,0,0,0,0,0,11121,0,0,0,0,2,0,0,-175,2,177,42,1,0,0,0,0,2.2,1170,24,20,283.6,41,3,206,34.7,4,0,2,0.2,0,0
0,0,0,0,0,0,0,0,0,0,0,0,0,0,0,0,0,0,0,0,0,0,0,0,9,0,0,0,0,0,0,0,2925,0,0,0,0,2,0,0,-25,0,25,46,1,0,0,0,1,3,97,4,41.6,38.8,2,2,39,8.2,0,0,0,0,0,0
0,0,0,0,0,0,0,0,0,0,0,0,0,0,0,0,0,0,0,0,0,0,0,0,9,0,0,0,0,0,0,0,304,0,0,0,0,2,0,0,0,1,1,55,1,0,0,0,0,0,0,0,0,0,0,0,0,0,0,0,0,0,0,0
0,0,0,0,0,0,0,0,0,0,0,0,0,0,0,0,0,0,0,0,0,0,0,0,9,0,0,0,0,0,0,0,2372,0,0,0,0,2,0,0,29,65,36,44,1,0,0,0,0,0,0,0,0,0,0,0,0,0,0,0,0,0,0,0
0,0,0,0,0,0,0,0,0,0,0,0,0,0,0,0,0,0,0,0,0,0,0,0,9,0,0,0,0,0,0,0,9765,0,0,0,0,2,0,0,-65,8,73,47,1,0,0,0,2,2.2,1477,32,169.8,257.4,172,1,223,60,4,0,5,0.2,0,0
0,0,0,0,0,0,0,0,0,0,0,0,0,0,0,0,0,0,0,0,0,0,0,0,9,0,0,0,0,0,0,0,7744,0,0,0,0,2,0,0,-8,33,41,60,1,0,0,0,0,1.7,695,7,221.2,80.6,208,0,82,50.9,4,0,0,0.1,0,0
0,10,0,0,0,2,0,1,6,12.3,1,0,0,0,0,0,4,3.2,1,0,0,26,1,0,9,0,0,0,0,0,0,0,157171,1,0,1,0,2,24,1,-3334,6782,10116,48,1,0,0,1,2,2.1,830,16,118.2,110.8,248,3,90,47.7,1,0,2,2.5,0,0
0,0,0,0,0,0,0,0,0,0,0,0,0,0,0,0,0,0,0,0,0,0,0,0,9,0,0,0,0,0,0,0,8044,0,0,0,0,2,0,0,-42,3,45,56,1,0,0,1,0,1.9,468,12,72.7,74.4,167,3,56,30.8,0,0,0,0.1,0,0
0,0,0,0,0,0,0,0,0,0,0,0,0,0,0,0,0,0,0,0,0,0,0,0,9,0,0,0,0,0,0,0,287,0,0,0,0,2,0,0,0,0,0,55,1,0,0,0,0,0,0,0,0,0,0,0,0,0,0,0,0,0,0,0
0,0,0,0,0,0,0,0,0,0,0,0,0,0,0,0,0,0,0,0,0,0,0,0,6,0,0,0,0,0,0,0,5483,0,0,0,0,2,0,0,-19,13,32,47,0,0,0,0,0,2.5,180,4,0,66.8,0,1,36,6.6,0,0,0,0.1,0,0
0,46,1,0,0,16,0,5,40,12.9,1,0,0,0,2,0,3.5,15.6,1,0,0,90,0,0,6,0,0,0,0,5,0,0,102238,2,0,0,0,2,6,1,-379,97,476,56,0,0,0,0,0,2.4,1355,20,218.4,284.6,93,4,250,59.8,4,0,2,1.6,0,0
0,0,0,0,0,0,0,0,0,0,0,0,0,0,0,0,0,0,0,0,0,0,0,0,6,0,0,0,0,0,0,0,47499,0,0,0,0,2,0,0,-1914,311,2225,42,0,0,0,0,3,6.7,104,0,35.6,63.2,9,3,60,10.7,1,0,0,0.8,0,0
0,0,0,0,0,0,0,0,0,0,0,0,0,0,0,0,0,0,0,0,0,0,0,0,6,0,0,0,0,0,0,0,33484,0,0,0,0,2,0,0,1,111,110,58,0,0,0,0,2,3,562,9,108.4,151.6,45,0,116,30.5,2,0,1,0.5,0,0
0,0,0,0,0,0,0,0,0,0,0,0,0,0,0,0,0,0,0,0,0,0,0,0,6,0,0,0,0,0,0,0,62220,0,0,0,0,2,0,0,-689,59,748,47,0,0,0,2,0,2.7,1129,12,115.8,240.8,74,1,195,43.2,5,0,3,1,0,0
0,0,0,0,0,0,0,0,0,0,0,0,0,0,0,0,0,0,0,0,0,0,0,0,6,0,0,0,0,0,0,0,44253,0,0,0,0,2,0,0,-98,3,101,49,0,0,0,0,0,1.4,512,6,17.5,51,1,0,74,7.1,1,0,1,0.7,0,0
0,25,0,0,0,9,0,0,21,23.3,2,0,0,3,1,0,4,10.8,2,0,0,69,0,0,6,0,0,0,0,4,0,0,26788,3,2,0,0,2,6,2,-2947,201,3148,60,0,0,0,4,2,3.4,858,10,297.9,254.6,434,4,200,98.5,4,0,1,0.4,0,0
0,0,0,0,0,0,0,0,0,0,0,0,0,0,0,0,0,0,0,0,0,0,0,0,6,0,0,0,0,0,0,0,143290,0,0,0,0,2,0,0,-634,85,719,88,0,0,0,5,2,4.3,1193,14,254.3,362,503,8,257,112,6,0,2,2.3,0,0
0,92,0,0,0,13,0,3,89,16.3,0,0,0,1,2,0,3.2,14.4,1,0,0,90,0,0,6,0,0,0,0,8,0,0,18769,1,0,1,0,2,1,2,-1357,403,1760,55,0,0,0,1,0,2.1,1568,17,167.4,265.4,71,3,271,50.3,6,0,4,0.3,0,0
0,7,0,0,0,2,0,1,4,0.4,0,0,0,0,1,0,0.1,1,0,0,0,10,0,0,6,0,0,0,0,1,0,0,344202,1,0,0,0,2,0,1,-8985,982,9967,68,0,0,0,6,2,3.8,1451,13,289.1,354.6,419,5,222,105.9,10,0,2,5.5,0,0
0,7,0,0,0,2,0,1,5,0.5,0,0,0,1,1,0,0.3,0.4,0,0,0,20,0,0,6,0,0,0,0,0,0,0,94144,0,0,0,0,2,2,1,-60679,1130,61809,56,0,0,0,1,3,2.3,373,5,120.6,105.6,199,3,69,42.4,0,0,1,1.4,0,0
0,0,0,0,0,0,0,0,0,0,0,0,0,0,0,0,0,0,0,0,0,0,0,0,12,0,0,0,0,0,0,0,16475,0,0,0,0,5,0,0,-41,41,82,43,0,0,0,0,0,0,0,0,0,0,0,0,0,0,0,0,0,0.3,0,0
0,0,0,0,0,0,0,0,0,0,0,0,0,0,0,0,0,0,0,0,0,0,0,0,12,0,0,0,0,0,0,0,3438,0,0,0,0,5,0,0,-2,8,10,43,0,0,0,0,0,0,0,0,0,0,0,0,0,0,0,0,0,0.1,0,0
0,0,0,0,0,0,0,0,0,0,0,0,0,0,0,0,0,0,0,0,0,0,0,0,12,0,0,0,0,0,0,0,5535,0,0,0,0,5,0,0,-27,2,29,42,0,0,0,0,0,0,0,0,0,0,0,0,0,0,0,0,0,0.1,0,0
0,0,0,0,0,0,0,0,0,0,0,0,0,0,0,0,0,0,0,0,0,0,0,0,12,0,0,0,0,0,0,0,3596,0,0,0,0,5,0,0,12,26,14,42,0,0,0,0,0,1,13,0,0,0,0,0,2,0,0,0,0,0.1,0,0
0,0,0,0,0,0,0,0,0,0,0,0,0,0,0,0,0,0,0,0,0,0,0,0,12,0,0,0,0,0,0,0,2404,0,0,0,0,5,0,0,-4,16,20,43,0,0,0,0,0,1,13,0,0,1.2,0,0,3,0.1,0,0,0,0,0,0
0,0,0,0,0,0,0,0,0,0,0,0,0,0,0,0,0,0,0,0,0,0,0,0,12,0,0,0,0,0,0,0,16662,0,0,0,0,5,0,0,-96,62,158,44,0,0,0,0,0,1.9,1131,18,12.6,248.8,169,1,150,43,3,1,1,0.3,0,0
0,0,0,0,0,0,0,0,0,0,0,0,0,0,0,0,0,0,0,0,0,0,0,0,12,0,0,0,0,0,0,0,52815,0,0,0,0,5,0,0,-5349,57,5406,42,0,0,0,0,1,2.5,1390,24,176.4,291.2,29,6,299,49.6,4,0,1,0.8,0,0
0,0,0,0,0,0,0,0,0,0,0,0,0,0,0,0,0,0,0,0,0,0,0,0,12,0,0,0,0,0,0,0,2902,0,0,0,0,5,0,0,-16,1,17,42,0,0,0,0,0,0,0,0,0,0,0,0,0,0,0,0,0,0,0,0
0,0,0,0,0,0,0,0,0,0,0,0,0,0,0,0,0,0,0,0,0,0,0,0,12,0,0,0,0,0,0,0,3103,0,0,0,0,5,0,0,-7,20,27,42,0,0,0,0,0,1,83,2,5.3,15,2,0,8,2.2,0,0,0,0,0,0
0,37,1,0,0,19,0,8,30,11.8,1,0,0,1,5,0,4.2,26.6,1,0,0,90,1,0,12,0,0,0,0,10,0,0,4084,0,1,0,0,5,4,-1,-16,57,73,43,0,0,1,0,1,2.5,534,10,59.7,133,16,1,119,20.9,2,0,3,0.1,0,0
0,0,0,0,0,0,0,0,0,0,0,0,0,0,0,0,0,0,0,0,0,0,0,0,12,0,0,0,0,0,0,0,6207,0,0,0,0,5,0,0,-39,28,67,44,0,0,0,0,0,1,192,4,14.9,25.2,31,0,26,7.2,0,0,2,0.1,0,0
0,0,0,0,0,0,0,0,0,0,0,0,0,0,0,0,0,0,0,0,0,0,0,0,12,0,0,0,0,0,0,0,3508,0,0,0,0,5,0,0,-20,3,23,50,0,0,0,0,0,0.5,22,1,24.7,3.2,26,0,-1,5.2,0,0,1,0.1,0,0
0,0,0,0,0,0,0,0,0,0,0,0,0,0,0,0,0,0,0,0,0,0,0,0,12,0,0,0,0,0,0,0,27677,0,0,0,0,5,0,0,-1413,204,1617,44,0,0,0,0,0,0,0,0,0,0,0,0,0,0,0,0,0,0.4,0,0
0,0,0,0,0,0,0,0,0,0,0,0,0,0,0,0,0,0,0,0,0,0,0,0,13,0,0,0,0,0,0,0,19187,0,0,0,0,1,0,0,-44,54,98,43,0,0,0,0,0,0,0,0,0,0,0,0,0,0,0,0,0,0.3,0,0
0,0,0,0,0,0,0,0,0,0,0,0,0,0,0,0,0,0,0,0,0,0,0,0,13,0,0,0,0,0,0,0,1014,0,0,0,0,1,0,0,3,10,7,44,0,0,0,0,0,0,0,0,0,0,0,0,0,0,0,0,0,0,0,0
0,0,0,0,0,0,0,0,0,0,0,0,0,0,0,0,0,0,0,0,0,0,0,0,13,0,0,0,0,0,0,0,1246,0,0,0,0,1,0,0,-3,0,3,45,0,0,0,0,0,0,0,0,0,0,0,0,0,0,0,0,0,0,0,0
0,9,0,0,0,7,0,1,7,14.1,0,0,0,0,0,0,2.3,8.8,1,0,0,27,0,1,13,0,0,0,0,0,0,0,123382,0,1,0,0,1,0,1,-2110,598,2708,43,0,0,0,0,1,2.3,1680,26,126.4,369,78,4,301,57.5,4,0,4,2,0,0
0,0,0,0,0,0,0,0,0,0,0,0,0,0,0,0,0,0,0,0,0,0,0,0,13,0,0,0,0,0,0,0,5216,0,0,0,0,1,0,0,-37,1,38,42,0,0,0,0,0,0,0,0,0,0,0,0,0,0,0,0,0,0.1,0,0
0,0,0,0,0,0,0,0,0,0,0,0,0,0,0,0,0,0,0,0,0,0,0,0,13,0,0,0,0,0,0,0,112586,0,0,0,0,1,0,0,-3057,753,3810,43,0,0,0,0,1,2,1251,24,104,310,35,0,217,45,2,0,1,1.8,0,0
0,22,0,0,0,0,0,3,14,1.4,2,0,0,2,1,0,1.3,9.6,0,0,0,90,1,0,13,0,0,0,0,5,0,0,90656,4,0,0,0,1,2,1,1234,8236,7002,68,0,0,1,4,5,3.3,1594,24,268.4,348,582,4,223,119.4,5,0,3,1.5,0,0
0,0,0,0,0,0,0,0,0,0,0,0,0,0,0,0,0,0,0,0,0,0,0,0,13,0,0,0,0,0,0,0,4702,0,0,0,0,1,0,0,-14,0,14,45,0,0,0,0,0,0,0,0,0,0,0,0,0,0,0,0,0,0.1,0,0
0,13,0,1,0,1,0,3,7,0.5,1,0,0,2,1,0,4.6,6.2,0,0,0,90,0,0,13,0,0,0,0,0,0,0,6667,1,0,1,0,1,39,2,-266,149,415,54,0,0,0,0,0,1,454,7,51.4,41.8,169,0,10,25.8,0,0,2,0.1,0,0
0,0,0,0,0,0,0,0,0,0,0,0,0,0,0,0,0,0,0,0,0,0,0,0,13,0,0,0,0,0,0,0,800,0,0,0,0,1,0,0,-1,2,3,50,0,0,0,0,0,0,0,0,0,0,0,0,0,0,0,0,0,0,0,0
0,0,0,0,0,0,0,0,0,0,0,0,0,0,0,0,0,0,0,0,0,0,0,0,10,0,0,0,0,0,0,0,122121,0,0,0,0,1,0,0,2804,4113,1309,39,0,0,0,0,0,0,0,0,0,0,0,0,0,0,0,0,0,2,0,0
0,0,0,0,0,0,0,0,0,0,0,0,0,0,0,0,0,0,0,0,0,0,0,0,10,0,0,0,0,0,0,0,1184,0,0,0,0,1,0,0,-1,2,3,50,0,0,0,0,0,0,0,0,0,0,0,0,0,0,0,0,0,0,0,0
0,0,0,0,0,0,0,0,0,0,0,0,0,0,0,0,0,0,0,0,0,0,0,0,10,0,0,0,0,0,0,0,38952,0,0,0,0,1,0,0,-254,4,258,40,0,0,0,0,0,0,0,0,0,0,0,0,0,0,0,0,0,0.6,0,0
0,0,0,0,0,0,0,0,0,0,0,0,0,0,0,0,0,0,0,0,0,0,0,0,10,0,0,0,0,0,0,0,3029,0,0,0,0,1,0,0,-11,9,20,40,0,0,0,0,0,0,0,0,0,0,0,0,0,0,0,0,0,0,0,0
0,53,0,0,0,11,0,4,41,2.1,0,0,0,0,1,0,2.6,15.2,0,0,0,90,0,0,10,0,0,0,0,9,0,0,694540,1,0,1,0,1,9,2,3062,12510,9448,49,0,0,0,3,2,2.8,2225,33,313.7,522.6,323,4,357,116,6,0,7,11.1,0,0
0,2,0,0,0,1,0,0,2,0.3,0,0,0,0,1,0,0.2,0,0,0,0,12,0,0,10,0,0,0,0,1,0,0,24760,2,0,0,0,1,2,1,-388,381,769,47,0,0,0,1,2,2.2,1312,18,262.5,162.2,278,0,135,70.5,5,0,3,0.4,0,0
0,0,0,0,0,0,0,0,0,0,0,0,0,0,0,0,0,0,0,0,0,0,0,0,10,0,0,0,0,0,0,0,7005,0,0,0,0,1,0,0,-53,3,56,43,0,0,0,0,0,0,0,0,0,0,0,0,0,0,0,0,0,0.1,0,0
0,0,0,0,0,0,0,0,0,0,0,0,0,0,0,0,0,0,0,0,0,0,0,0,10,0,0,0,0,0,0,0,22113,0,0,0,0,1,0,0,-268,4,272,46,0,0,0,0,1,1.4,130,0,30.9,24.6,90,0,19,13.6,0,0,0,0.4,0,0
0,0,0,0,0,0,0,0,0,0,0,0,0,0,0,0,0,0,0,0,0,0,0,0,11,0,0,0,0,0,0,0,76421,0,0,0,1,2,0,0,-370,72,442,40,0,0,0,0,0,0,0,0,0,0,0,0,0,0,0,0,0,1.2,0,0
0,34,0,0,0,22,0,6,23,11.9,0,0,0,2,3,1,10,51,1,0,0,90,1,0,14,0,0,0,0,7,0,0,10506,1,1,0,3,1,37,7,189,239,50,43,1,0,0,1,0,2.8,281,7,15.4,98,41,0,40,15.5,0,0,0,0.2,0,0
0,0,0,0,0,0,0,0,0,0,0,0,0,0,0,0,0,0,0,0,0,0,0,0,14,0,0,0,0,0,0,0,2238,0,0,0,3,1,0,0,-5,2,7,40,1,0,0,0,0,0,0,0,0,0,0,0,0,0,0,0,0,0,0,0
0,0,0,0,0,0,0,0,0,0,0,0,0,0,0,0,0,0,0,0,0,0,0,0,14,0,0,0,0,0,0,0,3644,0,0,0,3,1,0,0,-4,10,14,42,1,0,0,0,0,1,1,0,0.1,1,0,0,3,0.1,0,0,0,0.1,0,0
0,0,0,0,0,0,0,0,0,0,0,0,0,0,0,0,0,0,0,0,0,0,0,0,14,0,0,0,0,0,0,0,7885,0,0,0,3,1,0,0,-330,140,470,49,1,0,0,0,1,1.6,60,1,41.9,23.2,53,0,20,11.8,0,0,0,0.1,0,0
0,4,0,0,0,3,0,0,3,0.5,1,0,0,0,0,0,0.6,5.2,0,0,0,6,0,0,12,0,0,0,0,0,0,0,9801,1,0,0,0,5,0,1,-634,33,667,46,0,0,0,1,2,2.3,653,8,80.2,116.4,140,1,87,33.4,3,0,1,0.2,0,0
0,0,0,0,0,0,0,0,0,0,0,0,0,0,0,0,0,0,0,0,0,0,0,0,13,0,0,0,0,0,0,0,54018,0,0,0,0,1,0,0,-147,4,151,48,0,0,0,0,1,2.2,338,9,44.8,64.4,11,0,67,12,1,0,2,0.9,0,0
0,0,0,0,0,0,0,0,0,0,0,0,0,0,0,0,0,0,0,0,0,0,0,0,10,0,0,0,0,0,0,0,3210,0,0,0,0,1,0,0,-21,15,36,45,0,0,0,0,0,0,0,0,0,0,0,0,0,0,0,0,0,0.1,0,0
0,0,0,0,0,0,0,0,0,0,0,0,0,0,0,0,0,0,0,0,0,0,0,0,13,0,0,0,0,0,0,0,30126,0,0,0,0,1,0,0,-51,15,66,67,0,0,0,2,1,3,456,6,84.6,86,122,2,88,29.1,1,0,2,0.5,0,0
0,22,0,0,0,12,0,2,12,0,0,0,0,0,1,0,1.9,19.4,0,0,0,90,0,0,10,0,0,0,0,5,0,2,561383,0,0,0,0,1,0,2,10964,18672,7708,45,0,0,0,0,0,3.3,2520,35,0,565.4,0,4,457,56.2,6,0,0,9,0,0
0,0,0,0,0,0,0,0,0,0,0,0,0,0,0,0,0,0,0,0,0,0,0,0,16,0,0,0,0,0,0,0,9189,0,0,0,0,2,0,0,-70,21,91,42,0,0,0,0,1,1.1,1620,42,116,430,73,1,278,62.2,0,0,2,0.1,0,0
0,0,0,0,0,0,0,0,0,0,0,0,0,0,0,0,0,0,0,0,0,0,0,0,16,0,0,0,0,0,0,0,87567,0,0,0,0,2,0,0,-490,309,799,49,0,0,0,1,3,2.4,2049,50,788.2,436.6,139,6,388,136.6,2,0,6,1.4,0,0
0,0,0,0,0,0,0,0,0,0,0,0,0,0,0,0,0,0,0,0,0,0,0,0,3,0,0,0,0,0,0,0,8980,0,0,0,1,2,0,0,-8,12,20,43,1,0,0,0,0,0,0,0,0,0,0,0,0,0,0,0,0,0.1,0,0
0,0,0,0,0,0,0,0,0,0,0,0,0,0,0,0,0,0,0,0,0,0,0,0,4,0,0,0,0,0,0,0,36823,0,0,0,0,2,0,0,-545,278,823,48,1,0,0,1,1,2.2,1239,16,175.2,201.2,289,1,146,66.5,6,0,1,0.6,0,0
0,0,0,0,0,0,0,0,0,0,0,0,0,0,0,0,0,0,0,0,0,0,0,0,16,0,0,0,0,0,0,0,9211,0,0,0,0,2,0,0,-118,56,174,42,0,0,0,0,0,1.4,1493,31,255,302.2,84,0,193,64.1,2,0,4,0.1,0,0
0,0,0,0,0,0,0,0,0,0,0,0,0,0,0,0,0,0,0,0,0,0,0,0,18,0,0,0,0,0,0,0,148581,0,0,0,0,5,0,0,109,3652,3543,69,1,0,0,6,4,3.9,1010,6,311.4,343.6,281,4,280,93.6,7,0,2,2.4,0,0
0,0,0,0,0,0,0,0,0,0,0,0,0,0,0,0,0,0,0,0,0,0,0,0,13,0,0,0,0,0,0,0,19154,0,0,0,0,1,0,0,-645,79,724,42,0,0,0,1,0,2.6,1473,25,36.1,401.6,167,3,272,60.7,3,0,2,0.3,0,0
0,0,0,0,0,0,0,0,0,0,0,0,0,0,0,0,0,0,0,0,0,0,0,0,8,0,0,0,0,0,0,0,2927,0,0,0,3,0,0,0,-12,13,25,42,1,0,0,0,0,1.3,630,17,69.7,106.4,19,0,72,19.6,1,0,3,0,0,0
0,0,0,0,0,0,0,0,0,0,0,0,0,0,0,0,0,0,0,0,0,0,0,0,5,0,0,0,0,0,0,0,604,0,0,0,3,0,0,0,-1,0,1,55,0,0,0,0,0,0,0,0,0,0,0,0,0,0,0,0,0,0,0,0
0,0,0,0,0,0,0,0,0,0,0,0,0,0,0,0,0,0,0,0,0,0,0,0,5,0,0,0,0,0,0,0,5722,0,0,0,3,0,0,0,-9,2,11,54,0,0,0,0,0,0,0,0,0,0,0,0,0,0,0,0,0,0.1,0,0
0,0,0,0,0,0,0,0,0,0,0,0,0,0,0,0,0,0,0,0,0,0,0,0,20,0,0,0,0,0,0,0,1491,0,0,0,0,1,0,0,-95,25,120,45,1,0,0,0,1,1.6,547,16,80.6,40,115,0,37,23.4,1,0,1,0,0,0
0,0,0,0,0,0,0,0,0,0,0,0,0,0,0,0,0,0,0,0,0,0,0,0,18,0,0,0,0,0,0,0,60387,0,0,0,0,5,0,0,3428,3833,405,56,1,0,0,2,0,1.8,331,2,78.5,100,162,2,94,33.7,1,0,1,1,0,0
0,0,0,0,0,0,0,0,0,0,0,0,0,0,0,0,0,0,0,0,0,0,0,0,16,0,0,0,0,0,0,0,14755,0,0,0,0,2,0,0,-85,21,106,43,0,0,0,0,0,4,180,5,0,115.2,0,2,47,11.5,0,0,0,0.2,0,0
0,0,0,0,0,0,0,0,0,0,0,0,0,0,0,0,0,0,0,0,0,0,0,0,14,0,0,0,0,0,0,0,8852,0,0,0,3,1,0,0,-54,9,63,43,1,0,0,0,0,0,0,0,0,0,0,0,0,0,0,0,0,0.1,0,0
0,0,0,0,0,0,0,0,0,0,0,0,0,0,0,0,0,0,0,0,0,0,0,0,16,0,0,0,0,0,0,0,156834,0,0,0,0,2,0,0,-7202,253,7455,55,0,0,0,6,0,3.3,1609,43,305.4,356.2,462,2,254,111.7,2,0,2,2.5,0,0
0,0,0,0,0,0,0,0,0,0,0,0,0,0,0,0,0,0,0,0,0,0,0,0,9,0,0,0,0,0,0,0,14800,0,0,0,0,2,0,0,362,979,617,42,1,0,0,0,3,2,1095,23,362.1,273.2,124,3,207,76,0,0,2,0.2,0,0
0,64,0,0,3,38,1,8,42,14.2,2,0,0,1,0,1,7.8,56,1,0,0,90,0,0,4,0,0,0,0,8,0,0,111629,2,0,1,0,2,8,15,10276,13846,3570,47,1,1,0,3,1,4.2,1328,13,97.2,499,156,6,282,75.2,5,0,8,2.2,0,0
0,61,0,0,0,11,0,2,46,15.5,3,0,0,0,1,0,3.7,19,1,0,0,90,0,0,10,0,0,0,0,9,0,0,200396,5,0,0,0,1,2,2,17765,21612,3847,43,0,0,0,1,1,3,2069,29,322.3,397.8,276,5,345,99.8,6,0,5,3.2,0,0
0,0,0,0,0,0,0,0,0,0,0,0,0,0,0,0,0,0,0,0,0,0,0,0,15,0,0,0,0,0,0,0,6148,0,0,0,0,2,0,0,-14,12,26,43,0,0,0,0,0,0,0,0,0,0,0,0,0,0,0,0,0,0.1,0,0
0,0,0,0,0,0,0,0,0,0,0,0,0,0,0,0,0,0,0,0,0,0,0,0,16,0,0,0,0,0,0,0,5881,0,0,0,0,2,0,0,-49,2,51,48,0,0,0,0,0,1.4,1035,22,22.4,234.6,29,2,155,28.6,1,0,2,0.1,0,0
0,0,0,0,0,0,0,0,0,0,0,0,0,0,0,0,0,0,0,0,0,0,0,0,4,0,0,0,0,0,0,0,3243,0,0,0,0,2,0,0,36,82,46,56,1,0,0,1,0,1.7,459,9,55.2,67,134,0,56,25.2,1,0,0,0.1,0,0
0,0,0,0,0,0,0,0,0,0,0,0,0,0,0,0,0,0,0,0,0,0,0,0,15,0,0,0,0,0,0,0,318104,0,0,0,0,2,0,0,-6422,1249,7671,43,0,0,0,0,0,3.6,1710,41,10.1,594.6,0,7,378,60.3,4,0,0,5.1,0,0
0,0,0,0,0,0,0,0,0,0,0,0,0,0,0,0,0,0,0,0,0,0,0,0,15,0,0,0,0,0,0,0,6142,0,0,0,0,2,0,0,17,59,42,48,0,0,0,1,0,6,62,3,0.4,42.4,33,0,17,7.6,0,0,1,0.1,0,0
0,0,0,0,0,0,0,0,0,0,0,0,0,0,0,0,0,0,0,0,0,0,0,0,3,0,0,0,0,0,0,0,6888,0,0,0,1,2,0,0,16,107,91,50,1,0,0,1,0,1.5,714,13,304.5,144.2,226,2,104,67.4,1,0,3,0.1,0,0
0,0,0,0,0,0,0,0,0,0,0,0,0,0,0,0,0,0,0,0,0,0,0,0,1,0,0,0,0,0,0,0,16590,0,0,0,1,5,0,0,-1068,58,1126,45,0,0,0,1,1,2.1,1742,34,151.3,341.2,153,3,250,64.7,6,0,10,0.3,0,0
0,2,0,1,0,-1,0,0,0,0,0,0,0,0,0,0,4,3,0,0,0,7,0,0,15,0,0,0,0,0,0,0,2500,1,0,0,0,2,37,1,-2,33,35,56,0,0,0,1,0,1.6,269,6,22.8,47.2,91,0,42,15.8,0,0,1,0,0,0
0,0,0,0,0,0,0,0,0,0,0,0,0,0,0,0,0,0,0,0,0,0,0,0,17,0,0,0,0,0,0,0,3275,0,0,0,0,2,0,0,-4,4,8,54,1,0,0,0,0,0,0,0,0,0,0,0,0,0,0,0,0,0.1,0,0
0,0,0,0,0,0,0,0,0,0,0,0,0,0,0,0,0,0,0,0,0,0,0,0,6,0,0,0,0,0,0,0,1040,0,0,0,0,2,0,0,-6,0,6,48,0,0,0,0,1,4,4,0,14.3,19,0,0,17,3.3,0,0,0,0,0,0
0,0,0,0,0,0,0,0,0,0,0,0,0,0,0,0,0,0,0,0,0,0,0,0,3,0,0,0,0,0,0,0,1367,0,0,0,1,2,0,0,1,2,1,50,1,0,0,0,0,0,0,0,0,0,0,0,0,0,0,0,0,0,0,0
0,0,0,0,0,0,0,0,0,0,0,0,0,0,0,0,0,0,0,0,0,0,0,0,13,0,0,0,0,0,0,0,8067,0,0,0,0,1,0,0,-61,68,129,62,0,0,0,2,0,2.2,369,10,85.3,85,90,3,87,26,0,0,0,0.1,0,0
0,0,0,0,0,0,0,0,0,0,0,0,0,0,0,0,0,0,0,0,0,0,0,0,14,0,0,0,0,0,0,0,14345,0,0,0,3,1,0,0,-114,255,369,57,1,0,0,1,2,2.2,1087,12,169.5,130.8,369,2,98,66.8,5,0,3,0.2,0,0
0,0,0,0,0,0,0,0,0,0,0,0,0,0,0,0,0,0,0,0,0,0,0,0,5,0,0,0,0,0,0,0,33799,0,0,0,3,0,0,0,-483,18,501,54,0,0,0,1,0,2.9,696,9,37,160,41,2,132,23.8,2,0,3,0.5,0,0
0,0,0,0,0,0,0,0,0,0,0,0,0,0,0,0,0,0,0,0,0,0,0,0,16,0,0,0,0,0,0,0,21722,0,0,0,0,2,0,0,-41,39,80,45,0,0,0,0,0,0.4,564,15,88.3,73.8,28,0,68,18.9,0,0,3,0.3,0,0
0,0,0,0,0,0,0,0,0,0,0,0,0,0,0,0,0,0,0,0,0,0,0,0,20,0,0,0,0,0,0,0,1337,0,0,0,0,1,0,0,-22,2,24,59,1,0,0,0,1,1.4,586,13,69.7,59,134,0,82,25.9,0,0,1,0,0,0
0,0,0,0,0,0,0,0,0,0,0,0,0,0,0,0,0,0,0,0,0,0,0,0,3,0,0,0,0,0,0,0,2261,0,0,0,1,2,0,0,-5,15,20,49,1,0,0,0,0,1.4,281,3,2.2,59.2,22,0,37,8.4,0,0,1,0,0,0
0,0,0,0,0,0,0,0,0,0,0,0,0,0,0,0,0,0,0,0,0,0,0,0,4,0,0,0,0,0,0,0,13069,0,0,0,0,2,0,0,-419,107,526,44,1,0,0,0,2,2.8,1260,21,52.5,313.8,68,5,244,43.5,3,0,2,0.2,0,0
0,0,0,0,0,0,0,0,0,0,0,0,0,0,0,0,0,0,0,0,0,0,0,0,12,0,0,0,0,0,0,0,5474,0,0,0,0,5,0,0,-106,37,143,44,0,0,0,1,0,2.3,322,5,39.7,63.4,22,2,61,12.5,0,0,0,0.1,0,0
0,0,0,0,0,0,0,0,0,0,0,0,0,0,0,0,0,0,0,0,0,0,0,0,13,0,0,0,0,0,0,0,9077,0,0,0,0,1,0,0,-38,12,50,43,0,0,0,0,0,1.4,217,4,27.7,20.2,24,0,37,7.2,0,0,0,0.1,0,0
0,0,0,0,0,0,0,0,0,0,0,0,0,0,0,0,0,0,0,0,0,0,0,0,7,0,0,0,0,0,0,0,1396,0,0,0,3,1,0,0,5,11,6,49,0,0,0,0,0,0,0,0,0,0,0,0,0,0,0,0,0,0,0,0
0,0,0,0,0,0,0,0,0,0,0,0,0,0,0,0,0,0,0,0,0,0,0,0,16,0,0,0,0,0,0,0,5411,0,0,0,0,2,0,0,-28,67,95,43,0,0,0,0,0,1.3,86,4,2.1,11.6,0,0,16,1.4,0,0,0,0.1,0,0
0,0,0,0,0,0,0,0,0,0,0,0,0,0,0,0,0,0,0,0,0,0,0,0,6,0,0,0,0,0,0,0,8675,0,0,0,0,2,0,0,87,192,105,43,0,0,0,0,0,1,2,0,0.1,2.2,0,0,3,0.2,0,0,0,0.1,0,0
0,0,0,0,0,0,0,0,0,0,0,0,0,0,0,0,0,0,0,0,0,0,0,0,12,0,0,0,0,0,0,0,163248,0,0,0,0,5,0,0,-3562,4096,7658,46,0,0,0,1,0,1.4,882,17,247.1,114,306,0,91,66.5,2,0,3,2.6,0,0
0,0,0,0,0,0,0,0,0,0,0,0,0,0,0,0,0,0,0,0,0,0,0,0,10,0,0,0,0,0,0,0,14585,0,0,0,0,1,0,0,-155,4,159,40,0,0,0,0,0,0,0,0,0,0,0,0,0,0,0,0,0,0.2,0,0
0,0,0,0,0,0,0,0,0,0,0,0,0,0,0,0,0,0,0,0,0,0,0,0,5,0,0,0,0,0,0,0,385,0,0,0,3,0,0,0,-6,1,7,45,0,0,0,0,0,0,0,0,0,0,0,0,0,0,0,0,0,0,0,0
0,0,0,0,0,0,0,0,0,0,0,0,0,0,0,0,0,0,0,0,0,0,0,0,19,0,0,0,0,0,0,0,1794,0,0,0,0,1,0,0,-24,26,50,45,1,0,0,0,0,0,0,0,0,0,0,0,0,0,0,0,0,0,0,0
0,0,0,0,0,0,0,0,0,0,0,0,0,0,0,0,0,0,0,0,0,0,0,0,4,0,0,0,0,0,0,0,4007,0,0,0,0,2,0,0,-42,3,45,40,1,0,0,0,0,0,0,0,0,0,0,0,0,0,0,0,0,0.1,0,0
0,37,0,0,1,28,1,0,30,16,0,0,0,0,0,1,10.1,37.4,1,0,0,84,0,1,4,0,0,0,0,5,0,0,5464,0,0,0,0,2,48,8,1604,1859,255,45,1,0,1,1,1,3.3,641,7,61,126.6,106,1,113,29.4,3,0,1,0.1,0,0
0,0,0,0,0,0,0,0,0,0,0,0,0,0,0,0,0,0,0,0,0,0,0,0,5,0,0,0,0,0,0,0,4880,0,0,0,3,0,0,0,-158,22,180,40,0,0,0,0,0,0,0,0,0,0,0,0,0,0,0,0,0,0.1,0,0
0,0,0,0,0,0,0,0,0,0,0,0,0,0,0,0,0,0,0,0,0,0,0,0,20,0,0,0,0,0,0,0,6974,0,0,0,0,1,0,0,-119,2,121,40,1,0,0,0,0,0,0,0,0,0,0,0,0,0,0,0,0,0.1,0,0
0,0,0,0,0,0,0,0,0,0,0,0,0,0,0,0,0,0,0,0,0,0,0,0,8,0,0,0,0,0,0,0,1066,0,0,0,3,0,0,0,-2,20,22,45,1,0,0,1,1,1.9,355,6,87.7,85.2,87,0,77,26,1,0,1,0,0,0
0,0,0,0,0,0,0,0,0,0,0,0,0,0,0,0,0,0,0,0,0,0,0,0,6,0,0,0,0,0,0,0,2492,0,0,0,0,2,0,0,-15,15,30,45,0,0,0,0,0,5,180,1,0,55.6,0,0,48,5.5,1,0,0,0,0,0
0,0,0,0,0,0,0,0,0,0,0,0,0,0,0,0,0,0,0,0,0,0,0,0,8,0,0,0,0,0,0,0,12382,0,0,0,3,0,0,0,-63,76,139,40,1,0,0,0,0,0,0,0,0,0,0,0,0,0,0,0,0,0.2,0,0
0,0,0,0,0,0,0,0,0,0,0,0,0,0,0,0,0,0,0,0,0,0,0,0,6,0,0,0,0,0,0,0,10044,0,0,0,0,2,0,0,6,122,116,40,0,0,0,0,0,0,0,0,0,0,0,0,0,0,0,0,0,0.2,0,0
0,4,0,0,0,4,0,0,4,0.8,1,0,0,0,0,0,0.2,1.2,0,0,0,14,0,0,13,0,0,0,0,0,0,0,2887,0,0,0,0,1,0,1,-226,8,234,45,0,0,0,0,1,1.4,482,12,156.1,103,140,0,69,39.7,1,0,0,0,0,0
0,0,0,0,0,0,0,0,0,0,0,0,0,0,0,0,0,0,0,0,0,0,0,0,6,0,0,0,0,0,0,0,926,0,0,0,0,2,0,0,-6,29,35,45,0,0,0,0,0,1.7,185,1,18.5,28.6,12,0,34,6.1,2,0,0,0,0,0
0,0,0,0,0,0,0,0,0,0,0,0,0,0,0,0,0,0,0,0,0,0,0,0,16,0,0,0,0,0,0,0,5180,0,0,0,0,2,0,0,64,224,160,40,0,0,0,0,0,0,0,0,0,0,0,0,0,0,0,0,0,0.1,0,0
0,0,0,0,0,0,0,0,0,0,0,0,0,0,0,0,0,0,0,0,0,0,0,0,2,0,0,0,0,0,0,0,16139,0,0,0,1,5,0,0,-274,3,277,40,1,0,0,0,0,0,0,0,0,0,0,0,0,0,0,0,0,0.3,0,0
0,0,0,0,0,0,0,0,0,0,0,0,0,0,0,0,0,0,0,0,0,0,0,0,12,0,0,0,0,0,0,0,4697,0,0,0,0,5,0,0,-156,6,162,40,0,0,0,0,0,0.5,26,2,0.3,7.2,0,0,8,0.8,0,0,0,0.1,0,0
0,0,0,0,0,0,0,0,0,0,0,0,0,0,0,0,0,0,0,0,0,0,0,0,2,0,0,0,0,0,0,0,241,0,0,0,1,5,0,0,-3,1,4,45,1,0,0,0,0,0,0,0,0,0,0,0,0,0,0,0,0,0,0,0
0,0,0,0,0,0,0,0,0,0,0,0,0,0,0,0,0,0,0,0,0,0,0,0,2,0,0,0,0,0,0,0,4696,0,0,0,1,5,0,0,43,141,98,40,1,0,0,0,0,0,0,0,0,0,0,0,0,0,0,0,0,0.1,0,0
0,0,0,0,0,0,0,0,0,0,0,0,0,0,0,0,0,0,0,0,0,0,0,0,13,0,0,0,0,0,0,0,578,0,0,0,0,1,0,0,7,22,15,45,0,0,0,0,0,0,0,0,0,0,0,0,0,0,0,0,0,0,0,0
0,0,0,0,0,0,0,0,0,0,0,0,0,0,0,0,0,0,0,0,0,0,0,0,13,0,0,0,0,0,0,0,563,0,0,0,0,1,0,0,8,30,22,45,0,0,0,0,0,0,0,0,0,0,0,0,0,0,0,0,0,0,0,0
0,0,0,0,0,0,0,0,0,0,0,0,0,0,0,0,0,0,0,0,0,0,0,0,6,0,0,0,0,0,0,0,11356,0,0,0,0,2,0,0,-132,108,240,50,0,0,0,1,0,3.7,615,9,5.8,181,46,3,116,23.4,2,0,2,0.2,0,0
0,0,0,0,0,0,0,0,0,0,0,0,0,0,0,0,0,0,0,0,0,0,0,0,9,0,0,0,0,0,0,0,905,0,0,0,0,2,0,0,-18,47,65,50,1,0,0,1,1,2.2,134,3,27.4,62.6,127,0,46,21.6,0,0,1,0,0,0
0,0,0,0,0,0,0,0,0,0,0,0,0,0,0,0,0,0,0,0,0,0,0,0,11,0,0,0,0,0,0,0,6333,0,0,0,1,2,0,0,506,879,373,45,0,0,0,0,0,0,0,0,0,0,0,0,0,0,0,0,0,0.1,0,0
0,0,0,0,0,0,0,0,0,0,0,0,0,0,0,0,0,0,0,0,0,0,0,0,2,0,0,0,0,0,0,0,1803,0,0,0,1,5,0,0,36,90,54,50,1,0,0,0,0,1,1,0,0,0,0,0,3,0,0,0,0,0,0,0
0,0,0,0,0,0,0,0,0,0,0,0,0,0,0,0,0,0,0,0,0,0,0,0,4,0,0,0,0,0,0,0,10063,0,0,0,0,2,0,0,-91,82,173,40,1,0,0,0,0,0,0,0,0,0,0,0,0,0,0,0,0,0.2,0,0
0,0,0,0,0,0,0,0,0,0,0,0,0,0,0,0,0,0,0,0,0,0,0,0,12,0,0,0,0,0,0,0,1015,0,0,0,0,5,0,0,-7,74,81,50,0,0,0,0,0,0,0,0,0,0,0,0,0,0,0,0,0,0,0,0
0,0,0,0,0,0,0,0,0,0,0,0,0,0,0,0,0,0,0,0,0,0,0,0,10,0,0,0,0,0,0,0,1211,0,0,0,0,1,0,0,2,56,54,45,0,0,0,0,0,0,0,0,0,0,0,0,0,0,0,0,0,0,0,0
0,0,0,0,0,0,0,0,0,0,0,0,0,0,0,0,0,0,0,0,0,0,0,0,18,0,0,0,0,0,0,0,124,0,0,0,0,5,0,0,1,9,8,50,1,0,0,0,0,1,1,1,0,2,0,0,3,0.2,0,0,0,0,0,0
0,0,0,0,0,0,0,0,0,0,0,0,0,0,0,0,0,0,0,0,0,0,0,0,3,0,0,0,0,0,0,0,990,0,0,0,1,2,0,0,-24,4,28,40,1,0,0,0,0,0,0,0,0,0,0,0,0,0,0,0,0,0,0,0
0,0,0,0,0,0,0,0,0,0,0,0,0,0,0,0,0,0,0,0,0,0,0,0,11,0,0,0,0,0,0,0,300,0,0,0,1,2,0,0,-3,4,7,40,0,0,0,0,0,0,0,0,0,0,0,0,0,0,0,0,0,0,0,0
0,0,0,0,0,0,0,0,0,0,0,0,0,0,0,0,0,0,0,0,0,0,0,0,13,0,0,0,0,0,0,0,8890,0,0,0,0,1,0,0,141,653,512,45,0,0,0,0,0,1,17,0,10.3,2,36,0,3,4.8,0,0,0,0.1,0,0
0,0,0,0,0,0,0,0,0,0,0,0,0,0,0,0,0,0,0,0,0,0,0,0,6,0,0,0,0,0,0,0,2042,0,0,0,0,2,0,0,75,139,64,40,0,0,0,0,0,0,0,0,0,0,0,0,0,0,0,0,0,0,0,0
0,0,0,0,0,0,0,0,0,0,0,0,0,0,0,0,0,0,0,0,0,0,0,0,9,0,0,0,0,0,0,0,196,0,0,0,0,2,0,0,10,19,9,45,1,0,0,0,0,1,1,0,0,0,0,0,3,0,0,0,0,0,0,0
0,0,0,0,0,0,0,0,0,0,0,0,0,0,0,0,0,0,0,0,0,0,0,0,2,0,0,0,0,0,0,0,725,0,0,0,1,5,0,0,3,36,33,45,1,0,0,0,0,1,7,0,0,0,0,0,3,0,0,0,0,0,0,0
0,0,0,0,0,0,0,0,0,0,0,0,0,0,0,0,0,0,0,0,0,0,0,0,15,0,0,0,0,0,0,0,191,0,0,0,0,2,0,0,1,5,4,40,0,0,0,0,0,0,0,0,0,0,0,0,0,0,0,0,0,0,0,0
0,0,0,0,0,0,0,0,0,0,0,0,0,0,0,0,0,0,0,0,0,0,0,0,9,0,0,0,0,0,0,0,2601,0,0,0,0,2,0,0,97,173,76,40,1,0,0,0,0,1,90,3,0,11.2,0,0,9,1.1,0,0,0,0,0,0
0,0,0,0,0,0,0,0,0,0,0,0,0,0,0,0,0,0,0,0,0,0,0,0,2,0,0,0,0,0,0,0,304,0,0,0,1,5,0,0,8,18,10,45,1,0,0,0,0,1,2,1,0,1,0,0,3,0.1,0,0,0,0,0,0
0,0,0,0,0,0,0,0,0,0,0,0,0,0,0,0,0,0,0,0,0,0,0,0,10,0,0,0,0,0,0,0,2281,0,0,0,0,1,0,0,46,128,82,40,0,0,0,0,0,0,0,0,0,0,0,0,0,0,0,0,0,0,0,0
0,0,0,0,0,0,0,0,0,0,0,0,0,0,0,0,0,0,0,0,0,0,0,0,7,0,0,0,0,0,0,0,318,0,0,0,3,1,0,0,70,86,16,50,0,0,0,0,0,1,9,1,0.3,5.2,17,0,3,2.3,0,0,0,0,0,0
0,9,0,0,0,2,0,1,7,1.3,0,0,0,0,0,0,0.3,1.4,0,0,0,45,0,0,13,0,0,0,0,0,0,0,26884,1,0,0,0,1,0,1,-3212,354,3566,53,0,0,0,0,1,3,180,1,53.7,23,16,0,29,9.3,1,0,0,0.4,0,0
0,0,0,0,0,0,0,0,0,0,0,0,0,0,0,0,0,0,0,0,0,0,0,0,9,0,0,0,0,0,0,0,101,0,0,0,0,2,0,0,2,11,9,45,1,0,0,0,0,1.3,110,1,2.6,15.8,24,0,12,4.2,0,0,0,0,0,0
0,0,0,0,0,0,0,0,0,0,0,0,0,0,0,0,0,0,0,0,0,0,0,0,11,0,0,0,0,0,0,0,94,0,0,0,1,2,0,0,-3,8,11,45,0,0,0,0,0,0,0,0,0,0,0,0,0,0,0,0,0,0,0,0
0,0,0,0,0,0,0,0,0,0,0,0,0,0,0,0,0,0,0,0,0,0,0,0,14,0,0,0,0,0,0,0,769,0,0,0,3,1,0,0,15,38,23,40,1,0,0,0,0,0,0,0,0,0,0,0,0,0,0,0,0,0,0,0
0,0,0,0,0,0,0,0,0,0,0,0,0,0,0,0,0,0,0,0,0,0,0,0,4,0,0,0,0,0,0,0,49,0,0,0,0,2,0,0,-1,1,2,45,1,0,0,0,0,0,0,0,0,0,0,0,0,0,0,0,0,0,0,0
0,0,0,0,0,0,0,0,0,0,0,0,0,0,0,0,0,0,0,0,0,0,0,0,6,0,0,0,0,0,0,0,1726,0,0,0,0,2,0,0,-72,30,102,45,0,0,0,0,0,0,0,0,0,0,0,0,0,0,0,0,0,0,0,0
0,47,0,0,0,8,0,3,37,13.8,0,0,0,0,1,0,4.2,20.2,1,0,0,90,0,0,2,0,0,0,0,3,0,0,265,3,0,0,1,5,8,2,9,25,16,45,1,0,0,0,0,1.5,120,2,14.1,21.6,8,0,12,4.4,0,0,0,0,0,0
0,0,0,0,0,0,0,0,0,0,0,0,0,0,0,0,0,0,0,0,0,0,0,0,11,0,0,0,0,0,0,0,137,0,0,0,1,2,0,0,4,12,8,45,0,0,0,0,0,0,0,0,0,0,0,0,0,0,0,0,0,0,0,0
0,0,0,0,0,0,0,0,0,0,0,0,0,0,0,0,0,0,0,0,0,0,0,0,15,0,0,0,0,0,0,0,82,0,0,0,0,2,0,0,5,17,12,45,0,0,0,0,0,0,0,0,0,0,0,0,0,0,0,0,0,0,0,0
0,0,0,0,0,0,0,0,0,0,0,0,0,0,0,0,0,0,0,0,0,0,0,0,14,0,0,0,0,0,0,0,519,0,0,0,3,1,0,0,32,57,25,40,1,0,0,0,0,0,0,0,0,0,0,0,0,0,0,0,0,0,0,0
0,14,0,0,0,4,0,0,12,3.2,1,0,0,0,0,0,0.7,3.8,0,0,0,19,0,0,2,0,0,0,0,1,0,0,13287,2,1,0,1,5,0,1,-5495,289,5784,63,1,0,0,0,0,1,57,1,4.5,7,0,0,8,1.2,0,0,0,0.2,0,0
0,0,0,0,0,0,0,0,0,0,0,0,0,0,0,0,0,0,0,0,0,0,0,0,4,0,0,0,0,0,0,0,581,0,0,0,0,2,0,0,-102,18,120,44,1,0,0,0,0,1,4,0,0,0.2,0,0,3,0,0,0,0,0,0,0
0,26,0,0,0,7,0,1,17,10.8,2,0,0,1,3,0,2.3,10.6,0,0,0,90,0,1,8,0,0,0,0,5,0,0,404,1,1,0,3,0,2,0,4,28,24,45,1,0,1,0,0,0.5,212,9,15.7,27,18,0,23,6,0,0,1,0,0,0
0,0,0,0,0,0,0,0,0,0,0,0,0,0,0,0,0,0,0,0,0,0,0,0,16,0,0,0,0,0,0,0,662,0,0,0,0,2,0,0,0,99,99,50,0,0,0,0,0,1,45,1,13,6.2,4,0,3,2.3,0,0,0,0,0,0
0,0,0,0,0,0,0,0,0,0,0,0,0,0,0,0,0,0,0,0,0,0,0,0,9,0,0,0,0,0,0,0,682,0,0,0,0,2,0,0,111,147,36,40,1,0,0,0,0,0,0,0,0,0,0,0,0,0,0,0,0,0,0,0
0,0,0,0,0,0,0,0,0,0,0,0,0,0,0,0,0,0,0,0,0,0,0,0,10,0,0,0,0,0,0,0,1139,0,0,0,0,1,0,0,129,246,117,40,0,0,0,0,0,0,0,0,0,0,0,0,0,0,0,0,0,0,0,0
0,0,0,0,0,0,0,0,0,0,0,0,0,0,0,0,0,0,0,0,0,0,0,0,18,0,0,0,0,0,0,0,149,0,0,0,0,5,0,0,8,27,19,45,1,0,0,0,0,0,0,0,0,0,0,0,0,0,0,0,0,0,0,0
0,0,0,0,0,0,0,0,0,0,0,0,0,0,0,0,0,0,0,0,0,0,0,0,20,0,0,0,0,0,0,0,488,0,0,0,0,1,0,0,55,86,31,40,1,0,0,0,0,0,0,0,0,0,0,0,0,0,0,0,0,0,0,0
0,3,0,0,0,2,0,0,2,1.5,0,0,0,0,0,0,0.6,0,0,0,0,10,0,0,1,0,0,0,0,0,0,0,4045,0,0,1,1,5,4,1,851,1555,704,45,0,0,0,0,0,1,10,0,1.5,0,4,0,2,0.6,0,0,0,0.1,0,0
0,0,0,0,0,0,0,0,0,0,0,0,0,0,0,0,0,0,0,0,0,0,0,0,1,0,0,0,0,0,0,0,95,0,0,0,1,5,0,0,25,42,17,45,0,0,0,0,0,0,0,0,0,0,0,0,0,0,0,0,0,0,0,0
0,19,0,0,0,1,0,1,15,1.6,0,0,0,0,0,0,0.5,3.8,0,0,0,45,0,0,20,0,0,0,0,2,0,0,0,2,0,0,0,1,0,1,0,0,0,40,1,0,0,0,0,1,45,0,1.6,3.8,0,0,1,0.5,0,0,0,0,0,0
0,1,0,0,0,3,0,0,0,0,0,0,0,0,0,0,0,0,0,0,0,1,0,0,7,0,0,0,0,1,0,0,0,0,0,0,3,1,0,1,0,0,0,45,0,0,0,0,0,1,1,0,0,0,0,0,3,0,0,0,0,0,0,0
0,0,0,0,0,0,0,0,0,0,0,0,0,0,0,0,0,0,0,0,0,0,0,0,19,0,0,0,0,0,0,0,0,0,0,0,0,1,0,0,0,0,0,40,1,0,0,0,0,0,0,0,0,0,0,0,0,0,0,0,0,0,0,0
0,14,0,0,0,6,0,4,11,0.4,0,0,0,0,1,0,0.8,7.8,0,0,0,62,0,0,13,0,0,0,0,1,0,0,0,2,0,0,0,1,0,2,0,0,0,40,0,0,0,0,0,2,62,1,0.4,7.8,0,0,6,0.8,0,0,0,0,0,0
0,17,0,0,1,30,0,1,13,11.8,1,0,0,0,1,1,12.7,36.2,1,0,0,70,1,0,2,0,0,0,0,1,0,0,1553622,1,0,0,1,5,79,7,-144837,25536,170373,110,1,0,0,16,6,5.9,2085,33,369.9,729.6,1011,25,573,210.9,5,0,0,24.4,-1,0
1,47,0,0,0,23,0,0,39,24.9,0,0,0,1,1,0,7.9,31.4,2,0,0,90,0,0,7,0,0,0,0,8,0,0,2809681,2,2,1,3,1,23,5,73915,85446,11531,89,0,0,0,11,10,6,2107,25,597.3,902.4,1013,16,530,251.6,8,0,3,45.4,-1,0
0,26,0,0,0,9,0,4,16,0.6,0,0,0,0,2,0,1.2,11,0,0,0,90,0,0,15,0,0,0,0,4,0,0,11101,2,1,0,0,2,0,1,1491,1747,256,42,0,0,0,0,0,1.9,1310,18,98.3,227.6,63,0,176,38.9,3,0,8,0.2,-1,0
0,18,0,0,0,15,0,10,11,0.3,1,0,0,1,3,0,2.4,24,0,0,0,90,1,0,8,0,0,0,0,8,0,0,308030,1,2,0,3,0,0,1,52421,57823,5402,47,1,0,0,4,1,3.6,2430,50,51,779,304,11,462,113.4,7,0,6,4.9,-1,0
1,59,0,0,0,13,0,1,52,9.3,0,0,0,3,1,0,1.1,0.2,0,0,0,90,0,0,2,0,0,0,0,4,0,0,266568,2,1,1,1,5,1,4,-4981,5595,10576,48,1,0,1,2,4,2.6,2027,29,265.3,402.8,178,6,380,84.9,5,0,6,4.3,-2,0
