assists,attempted_passes,big_chances_created,big_chances_missed,bonus,bps,clean_sheets,clearances_blocks_interceptions,completed_passes,creativity,dribbles,errors_leading_to_goal,errors_leading_to_goal_attempt,fouls,goals_conceded,goals_scored,ict_index,influence,key_passes,loaned_in,loaned_out,minutes,offside,open_play_crosses,opponent_team,own_goals,penalties_conceded,penalties_missed,penalties_saved,recoveries,red_cards,saves,selected,tackled,tackles,target_missed,team_a_score,team_h_score,threat,total_points,transfers_balance,transfers_in,transfers_out,value,was_home,winning_goals,yellow_cards,t_goals_scored,t_assists,points_per_game,t_minutes,t_goals_conceded,t_creativity,t_influence,threat_t,bonus_t,bps_t,ict_index_t,clean_sheets_t,red_cards_t,yellow_cards_t,selected_by_percent
0,0,0,0,0,0,0,0,0,0,0,0,0,0,0,0,0,0,0,0,0,0,0,0,18,0,0,0,0,0,0,0,70833,0,0,0,1,0,0,0,-100,132,232,47,0,0,0,0,0,24,585,9,0,205,0,3,130,20.4,1,0,0,1.1
0,26,0,0,0,24,1,1,19,0,0,0,0,0,0,0,1.6,16.4,0,0,0,90,0,0,18,0,0,0,0,6,0,2,209355,0,0,0,1,0,0,6,12975,32881,19906,49,0,0,0,0,0,93,2385,31,0,650.2,0,5,489,64.8,6,0,0,3.6
0,57,0,0,3,30,1,8,55,0.3,0,0,0,1,0,0,2.5,24.4,0,0,0,90,0,0,18,0,0,0,0,5,0,0,48974,0,1,0,1,0,0,9,-4474,1264,5738,54,0,0,0,3,0,59,1048,13,16,386.2,99,8,264,50.1,3,0,1,0.9
0,0,0,0,0,0,0,0,0,0,0,0,0,0,0,0,0,0,0,0,0,0,0,0,18,0,0,0,0,0,0,0,285646,0,0,0,1,0,0,0,-934,36,970,53,0,0,0,0,5,60,1532,21,197.8,261.6,280,5,304,73.7,4,0,3,4.5
0,75,0,0,2,28,1,4,64,13.5,0,0,0,0,0,0,3.6,18.4,1,0,0,90,0,0,18,0,0,0,0,9,0,0,68097,0,0,0,1,0,4,8,5730,9462,3732,54,0,0,0,1,3,69,1590,19,157,373.4,175,6,340,70.6,5,0,4,1.3
0,0,0,0,0,0,0,0,0,0,0,0,0,0,0,0,0,0,0,0,0,0,0,0,18,0,0,0,0,0,0,0,24852,0,0,0,1,0,0,0,-66,24,90,43,0,0,0,0,0,24,806,10,28.7,187.8,14,5,148,23.2,1,0,1,0.4
0,67,0,0,1,26,1,9,52,3,0,0,0,1,0,0,2.3,16.2,0,0,0,90,0,0,18,0,0,0,0,3,0,0,68088,1,2,1,1,0,4,7,2845,4543,1698,54,0,0,0,2,0,76,2251,32,73.2,633.8,201,5,437,91,6,0,7,1.2
0,0,0,0,0,0,0,0,0,0,0,0,0,0,0,0,0,0,0,0,0,0,0,0,18,0,0,0,0,0,0,0,425846,0,0,0,1,0,0,0,18025,69556,51531,50,0,0,0,0,7,77,1661,23,408,296.6,221,10,361,92.5,5,0,5,7
0,40,0,1,0,15,1,3,26,11.8,0,0,0,1,0,0,3.6,15.8,1,0,0,90,0,0,8,0,0,0,0,8,0,0,57616,2,0,1,0,2,8,6,-1318,510,1828,42,1,0,0,2,0,48,2226,47,162.1,545.2,343,0,362,105.3,3,0,7,0.9
0,48,0,0,0,13,0,7,46,0.9,0,0,0,0,0,0,1.8,14.8,0,0,0,58,0,0,18,0,0,0,0,3,0,0,6684,0,0,0,1,0,2,1,2,43,41,47,0,0,0,0,0,2,69,0,1,18.2,2,0,17,2.2,0,0,0,0.1
0,0,0,0,0,0,0,0,0,0,0,0,0,0,0,0,0,0,0,0,0,0,0,0,18,0,0,0,0,0,0,0,51650,0,0,0,1,0,0,0,-180,120,300,45,0,0,0,0,0,11,769,16,45.6,96.4,19,0,68,16.3,0,0,2,0.8
0,0,0,0,0,0,0,0,0,0,0,0,0,0,0,0,0,0,0,0,0,0,0,0,18,0,0,0,0,0,0,0,74346,0,0,0,1,0,0,0,-4830,1306,6136,51,0,0,0,0,2,55,1928,26,64.3,432.4,83,3,359,58.2,5,0,10,1.1
0,22,0,0,0,3,0,0,20,28.3,0,0,0,1,0,0,6,6,2,0,0,45,1,1,18,0,0,0,0,2,0,0,168078,1,0,0,1,0,26,1,-5753,4389,10142,79,0,0,0,4,3,79,1462,17,591.8,352.8,218,9,315,116.4,5,0,1,2.7
0,65,0,0,0,14,1,1,59,31.9,0,0,0,2,0,0,8.5,14,2,0,0,67,0,1,18,0,0,0,0,3,0,0,90435,1,1,1,1,0,39,3,16409,25642,9233,71,0,0,0,4,6,91,1319,13,387.2,418.4,502,4,298,131,9,0,0,1.7
0,62,1,0,0,18,1,0,55,89.3,1,0,0,0,0,0,18.6,31.4,7,0,0,90,0,1,18,0,0,0,0,2,0,0,99400,4,0,0,1,0,65,3,-4660,2701,7361,54,0,0,0,3,6,84,1698,26,500.4,394.4,524,1,329,141.9,4,0,0,1.6
0,0,0,0,0,0,0,0,0,0,0,0,0,0,0,0,0,0,0,0,0,0,0,0,18,0,0,0,0,0,0,0,144788,0,0,0,1,0,0,0,-1067,953,2020,42,0,0,0,0,0,6,220,2,32.3,48.4,51,0,25,13.2,0,0,0,2.3
0,100,0,0,0,16,1,4,88,31.3,0,0,0,1,0,0,7.3,25.4,2,0,0,90,0,1,18,0,0,0,0,6,0,0,141010,0,0,0,1,0,16,3,-3358,299,3657,52,0,0,0,4,2,83,2242,30,565.3,580.2,189,8,414,133.7,7,0,8,2.2
0,43,1,1,0,11,1,2,35,18.8,0,0,0,0,0,0,8.5,10.4,1,0,0,90,0,1,18,0,0,0,0,6,0,0,318878,2,0,2,1,0,56,3,-16147,6345,22492,68,0,0,0,6,4,91,1342,20,385.9,402.6,497,12,317,128.6,3,0,1,5
0,0,0,0,0,0,0,0,0,0,0,0,0,0,0,0,0,0,0,0,0,0,0,0,18,0,0,0,0,0,0,0,24270,0,0,0,1,0,0,0,-34,2,36,44,0,0,0,0,0,0,0,0,0,0,0,0,0,0,0,0,0,0.4
0,15,0,0,0,4,0,1,14,1.4,0,0,0,0,0,0,1.2,8.6,0,0,0,22,0,0,18,0,0,0,0,3,0,0,27453,0,0,0,1,0,2,1,163,1847,1684,44,0,0,0,1,1,33,813,12,90.5,198.4,118,3,132,40.6,2,0,1,0.4
0,0,0,0,0,0,0,0,0,0,0,0,0,0,0,0,0,0,0,0,0,0,0,0,18,0,0,0,0,0,0,0,28171,0,0,0,1,0,0,0,-56,62,118,64,0,0,0,1,1,19,146,3,56.8,73.6,66,3,63,19.5,0,0,0,0.4
0,0,0,0,0,0,0,0,0,0,0,0,0,0,0,0,0,0,0,0,0,0,0,0,18,0,0,0,0,0,0,0,712627,0,0,0,1,0,0,0,18477,105627,87150,94,0,0,0,13,11,155,2149,23,412.7,762.6,1067,20,525,223.9,6,0,2,11.6
0,22,0,1,0,24,1,0,15,4.3,1,0,0,0,0,1,12.7,30.8,0,0,0,90,3,0,18,0,0,0,0,0,0,0,1194216,2,0,2,1,0,92,6,-31354,49772,81126,109,0,1,0,18,7,175,2362,34,413.6,823,1244,26,635,247.9,7,0,0,19.7
0,0,0,0,0,0,0,0,0,0,0,0,0,0,0,0,0,0,0,0,0,0,0,0,3,0,0,0,0,0,0,0,187470,0,0,0,5,0,0,0,-3158,1902,5060,43,0,0,0,0,0,63,2160,47,0,440.6,0,4,363,44.2,5,0,0,2.9
0,22,0,0,0,19,1,0,14,0,0,0,0,0,0,0,0.9,9.4,0,0,0,90,0,0,3,0,0,0,0,6,0,1,556661,0,0,0,5,0,0,5,-39840,1889,41729,41,0,0,1,0,0,41,900,14,0,236.2,0,4,187,23.7,4,0,2,8.8
0,0,0,0,0,0,0,0,0,0,0,0,0,0,0,0,0,0,0,0,0,0,0,0,3,0,0,0,0,0,0,0,12730,0,0,0,5,0,0,0,-87,12,99,43,0,0,0,0,2,40,1227,24,173.3,332.4,39,0,244,54.4,4,0,1,0.2
0,42,0,0,0,27,1,8,36,0,0,0,0,0,0,0,2.8,21.2,0,0,0,86,0,0,3,0,0,0,0,5,0,0,250074,0,0,0,5,0,7,6,-7081,40,7121,43,0,0,0,1,1,76,2426,47,109.2,648.2,286,5,480,104.2,8,0,2,4
0,0,0,0,0,0,0,0,0,0,0,0,0,0,0,0,0,0,0,0,0,0,0,0,3,0,0,0,0,0,0,0,242947,0,0,0,5,0,0,0,-27950,94,28044,41,0,0,0,1,0,44,1583,34,215.4,289.8,156,1,278,66.2,4,0,4,3.7
0,37,0,0,0,25,1,6,31,3.2,1,0,0,1,0,0,2.5,20,0,0,0,90,0,0,3,0,0,0,0,5,0,0,28106,1,0,0,5,0,2,6,-697,733,1430,43,0,0,0,1,0,60,1887,28,139.3,307.8,106,0,319,55.4,7,1,5,0.5
0,0,0,0,0,0,0,0,0,0,0,0,0,0,0,0,0,0,0,0,0,0,0,0,3,0,0,0,0,0,0,0,6417,0,0,0,5,0,0,0,-34,2,36,42,0,0,0,0,0,5,141,4,16.3,49,2,0,41,6.8,0,0,0,0.1
0,41,0,0,0,22,1,3,32,21.2,1,0,0,2,0,0,5.3,25.4,1,0,0,90,0,2,3,0,0,0,0,8,0,0,385270,0,0,0,5,0,6,5,-14829,6013,20842,51,0,0,1,3,1,103,3051,61,78.5,897.8,343,6,631,132,9,0,3,6.2
0,4,0,0,0,3,0,0,4,0.1,0,0,0,0,0,0,0.1,0.6,0,0,0,3,0,0,3,0,0,0,0,0,0,0,390392,0,0,0,5,0,0,1,-7168,1218,8386,39,0,0,0,0,0,3,85,1,0.1,19.4,0,0,16,2,0,0,0,6.2
0,0,0,0,0,0,0,0,0,0,0,0,0,0,0,0,0,0,0,0,0,0,0,0,3,0,0,0,0,0,0,0,11532,0,0,0,2,0,0,0,117,195,78,49,0,0,0,0,1,48,1999,39,188.8,230.6,170,0,225,58.9,7,0,10,0.2
0,0,0,0,0,0,0,0,0,0,0,0,0,0,0,0,0,0,0,0,0,0,0,0,3,0,0,0,0,0,0,0,22210,0,0,0,5,0,0,0,-86,9,95,43,0,0,0,0,0,0,0,0,0,0,0,0,0,0,0,0,0,0.4
0,0,0,0,0,0,0,0,0,0,0,0,0,0,0,0,0,0,0,0,0,0,0,0,3,0,0,0,0,0,0,0,9004,0,0,0,5,0,0,0,-191,9,200,46,0,0,0,0,0,36,1438,37,163,190.8,38,0,206,39.2,4,0,2,0.1
0,6,0,0,0,21,0,0,5,0.9,1,0,0,0,0,1,5.2,34.4,0,0,0,7,0,0,3,0,0,0,0,1,0,0,5339,1,0,0,5,0,17,6,-46,76,122,60,0,0,0,2,3,55,999,24,253.1,223.4,339,3,201,81.6,2,0,1,0.1
0,69,0,0,0,30,1,6,59,2.7,1,0,0,1,0,1,11.6,71.6,0,0,0,90,0,0,3,0,0,0,0,7,0,0,5922,2,0,1,5,0,42,7,-39,86,125,47,0,1,1,1,2,47,1592,31,130.7,345.6,198,0,210,67.3,4,0,7,0.1
0,0,0,0,0,0,0,0,0,0,0,0,0,0,0,0,0,0,0,0,0,0,0,0,3,0,0,0,0,0,0,0,13517,0,0,0,5,0,0,0,-72,47,119,50,0,0,0,0,1,23,644,19,151.8,76.2,118,0,75,34.5,0,0,1,0.2
0,0,0,0,0,0,0,0,0,0,0,0,0,0,0,0,0,0,0,0,0,0,0,0,3,0,0,0,0,0,0,0,7144,0,0,0,5,0,0,0,-13,10,23,46,0,0,0,0,0,22,719,10,50.4,76,36,0,91,16.5,3,0,2,0.1
2,44,1,0,2,53,1,2,37,51.8,0,0,0,0,0,1,14.3,80.4,3,0,0,90,0,1,3,0,0,0,0,3,0,0,1402509,2,0,0,5,0,11,16,-117704,22025,139729,63,0,0,0,7,12,163,2828,56,1138.2,830.4,547,20,673,251.9,8,0,2,22.5
0,0,0,0,0,0,0,0,0,0,0,0,0,0,0,0,0,0,0,0,0,0,0,0,3,0,0,0,0,0,0,0,2646,0,0,0,5,0,0,0,-9,0,9,45,0,0,0,0,0,0,0,0,0,0,0,0,0,0,0,0,0,0
1,39,1,0,1,43,1,3,27,46.4,1,0,0,0,0,1,14.6,66.2,4,0,0,90,0,0,3,0,0,0,0,6,0,0,304288,3,1,0,5,0,33,12,-46179,9415,55594,51,0,0,0,7,5,116,2083,37,434.5,566.6,596,7,378,159.9,9,0,3,4.9
2,18,1,0,3,54,1,1,12,21.1,1,0,0,0,0,1,11.8,69.6,2,0,0,82,0,0,3,0,0,0,0,3,0,0,1016710,1,0,0,5,0,27,15,-105177,26908,132085,66,0,0,0,12,11,146,2168,38,356.8,623.4,924,19,457,189.9,8,0,3,17.2
0,0,0,0,0,0,0,0,0,0,0,0,0,0,0,0,0,0,0,0,0,0,0,0,3,0,0,0,0,0,0,0,16484,0,0,0,5,0,0,0,-507,130,637,49,0,0,0,1,0,25,302,14,53.8,61.2,106,0,75,21.8,0,0,1,0.3
0,28,0,1,0,-2,1,0,19,5,1,0,0,1,0,0,1.6,0,0,0,0,75,0,0,3,0,0,0,0,8,0,0,439324,4,0,3,5,0,17,2,-57299,12669,69968,66,0,0,0,11,3,129,2633,48,491.4,605.8,929,20,424,201.6,9,0,3,6.6
0,0,0,0,0,0,0,0,0,0,0,0,0,0,0,0,0,0,0,0,0,0,0,0,3,0,0,0,0,0,0,0,22322,0,0,0,5,0,0,0,-43,3,46,56,0,0,0,0,0,4,22,2,0,3,23,0,12,2.6,0,0,0,0.4
0,19,0,0,0,10,0,0,16,0,0,0,0,0,2,0,1.1,11.2,0,0,0,90,0,0,5,0,0,0,0,6,0,1,358894,0,0,0,2,0,0,1,148547,169400,20853,44,1,0,0,0,0,85,2610,48,0,562.6,0,9,448,56.4,5,0,2,5.6
0,80,0,0,0,13,0,2,61,11.4,0,0,0,0,2,0,3.1,13.8,1,0,0,90,0,0,5,0,0,0,0,9,0,0,265521,0,0,0,2,0,6,1,91684,117294,25610,44,1,0,0,2,1,80,2701,49,121.6,683.6,194,6,498,100.3,6,1,4,4.1
0,60,0,0,0,12,0,6,44,0.8,0,0,0,1,2,0,6.1,28.8,0,0,0,90,0,0,5,0,0,0,0,9,0,0,694170,1,0,0,2,0,31,1,271971,284884,12913,48,1,0,0,5,2,103,2637,48,73.5,887.6,457,9,511,142,6,1,4,10.7
0,48,0,0,0,16,0,2,41,12.4,1,0,0,0,2,0,2.8,16,1,0,0,90,0,0,5,0,0,0,0,4,0,0,18310,0,1,0,2,0,0,1,-163,121,284,44,1,0,0,0,1,33,799,11,78.5,130.8,14,4,165,22.3,3,0,2,0.3
0,0,0,0,0,0,0,0,0,0,0,0,0,0,0,0,0,0,0,0,0,0,0,0,5,0,0,0,0,0,0,0,9136,0,0,0,2,0,0,0,266,420,154,44,1,0,0,0,0,42,1715,34,151.7,211.4,8,0,235,37,4,0,0,0.1
0,0,0,0,0,0,0,0,0,0,0,0,0,0,0,0,0,0,0,0,0,0,0,0,5,0,0,0,0,0,0,0,260786,0,0,0,2,0,0,0,-1832,3787,5619,38,1,0,0,0,0,0,0,0,0,0,0,0,0,0,0,0,0,4.2
0,0,0,0,0,0,0,0,0,0,0,0,0,0,0,0,0,0,0,0,0,0,0,0,5,0,0,0,0,0,0,0,109648,0,0,0,2,0,0,0,-397,2387,2784,38,1,0,0,0,0,0,0,0,0,0,0,0,0,0,0,0,0,1.8
0,0,0,0,0,0,0,0,0,0,0,0,0,0,0,0,0,0,0,0,0,0,0,0,5,0,0,0,0,0,0,0,6305,0,0,0,2,0,0,0,-17,71,88,42,1,0,0,1,0,15,591,10,1.1,134,27,0,86,16.2,0,0,2,0.1
0,0,0,0,0,0,0,0,0,0,0,0,0,0,0,0,0,0,0,0,0,0,0,0,5,0,0,0,0,0,0,0,76337,0,0,0,2,0,0,0,38494,45891,7397,52,1,0,0,2,6,70,1669,37,535.7,363.8,316,2,268,121.4,3,1,4,1
0,75,0,0,0,13,0,5,62,13.3,1,0,0,1,2,0,4.7,24.2,1,0,0,90,0,0,5,0,0,0,0,10,0,0,200895,2,0,1,2,0,9,2,769,6515,5746,43,1,0,0,1,1,57,2124,43,220.9,416,76,4,348,71.3,4,1,5,3.2
0,0,0,0,0,0,0,0,0,0,0,0,0,0,0,0,0,0,0,0,0,0,0,0,5,0,0,0,0,0,0,0,19011,0,0,0,2,0,0,0,-888,47,935,44,1,0,0,1,1,28,712,11,53.7,189.4,49,0,117,29.3,3,0,4,0.3
0,36,0,0,0,6,0,0,25,44.8,6,0,0,3,2,0,7,11.8,3,0,0,90,0,1,5,0,0,0,0,7,0,0,45359,8,1,3,2,0,13,2,-2097,1772,3869,48,1,0,0,1,5,84,2217,38,645.6,422.8,303,5,309,137.3,5,0,1,0.7
0,21,0,0,0,0,0,0,15,17.4,0,0,0,2,2,0,2.2,2.6,1,0,0,53,0,1,5,0,0,0,0,2,0,0,92072,3,0,0,2,0,2,1,1363,2176,813,67,1,0,0,2,2,59,1414,24,662.9,329.6,292,9,263,128.6,2,0,0,1.5
0,70,0,0,0,14,0,1,59,23.2,1,0,0,1,2,0,3.5,11.4,2,0,0,90,0,0,5,0,0,0,0,12,0,0,18500,2,0,0,2,0,0,2,4898,6209,1311,48,1,0,0,1,1,71,2537,45,279.1,389.2,121,3,348,79.2,4,0,2,0.3
0,7,0,0,0,3,0,0,6,10.8,0,0,0,0,0,0,1.4,0.4,1,0,0,21,0,0,5,0,0,0,0,1,0,0,5460,0,0,1,2,0,3,1,138,207,69,59,1,0,0,0,2,26,634,9,75.3,62.2,147,0,80,28.5,2,0,1,0.1
0,20,0,0,0,-1,0,0,15,2.4,0,0,0,1,2,0,1.1,0,0,0,0,90,2,0,5,0,0,0,0,1,0,0,350086,3,1,3,2,0,13,2,199503,218718,19215,63,1,0,0,11,0,106,2151,39,147.3,400.8,721,13,272,124.7,3,0,5,5.1
0,0,0,0,0,0,0,0,0,0,0,0,0,0,0,0,0,0,0,0,0,0,0,0,5,0,0,0,0,0,0,0,4042,0,0,0,2,0,0,0,-5,4,9,49,1,0,0,0,0,0,0,0,0,0,0,0,0,0,0,0,0,0.1
0,0,0,0,0,0,0,0,0,0,0,0,0,0,0,0,0,0,0,0,0,0,0,0,5,0,0,0,0,0,0,0,18977,0,0,0,2,0,0,0,-23,10,33,45,1,0,0,0,0,0,0,0,0,0,0,0,0,0,0,0,0,0.3
0,0,0,0,0,0,0,0,0,0,0,0,0,0,0,0,0,0,0,0,0,0,0,0,5,0,0,0,0,0,0,0,19493,0,0,0,2,0,0,0,65,981,916,53,1,0,0,2,0,49,1112,19,179.9,150,354,6,149,68,3,0,1,0.3
0,7,0,0,0,-7,0,0,6,0.8,0,0,0,2,0,0,2.3,0,0,0,0,36,0,0,5,0,0,0,0,0,0,0,12061,8,0,0,2,0,24,1,702,1286,584,50,1,0,0,3,0,35,724,12,46.9,136,353,2,78,52.8,1,0,3,0.2
0,21,0,0,1,24,1,1,7,0,0,0,0,0,0,0,1,10.4,0,0,0,90,0,0,5,0,0,0,0,6,0,2,36097,0,0,0,0,2,0,7,-1326,1449,2775,48,1,0,0,0,0,50,1350,19,20,309.8,4,4,256,33.3,4,0,1,0.6
0,0,0,0,0,0,0,0,0,0,0,0,0,0,0,0,0,0,0,0,0,0,0,0,5,0,0,0,0,0,0,0,10632,0,0,0,0,2,0,0,-21,23,44,48,1,0,0,0,0,0,0,0,0,0,0,0,0,0,0,0,0,0.2
0,22,0,0,1,24,1,4,15,1.4,1,0,0,0,0,0,1.4,12.2,0,0,0,90,0,0,5,0,0,0,0,4,0,0,13856,0,1,0,0,2,0,7,26,105,79,46,1,0,0,0,0,31,1388,33,105.4,252.4,28,1,228,38.7,4,0,5,0.2
0,29,0,0,0,21,1,7,17,0.3,0,0,0,0,0,0,4.8,21.2,0,0,0,90,0,0,5,0,0,0,0,4,0,0,103748,0,0,1,0,2,26,6,-621,1444,2065,46,1,0,0,0,2,78,3060,60,99.1,770.4,232,5,518,110.3,8,0,9,1.6
0,0,0,0,0,0,0,0,0,0,0,0,0,0,0,0,0,0,0,0,0,0,0,0,5,0,0,0,0,0,0,0,30648,0,0,0,0,2,0,0,9,128,119,47,1,0,0,0,0,7,228,6,17.2,48.4,19,0,44,8.5,1,0,1,0.5
0,23,0,0,0,19,1,11,18,0.5,1,0,0,4,0,0,6.1,26.4,0,0,0,90,0,0,5,0,0,0,0,2,0,0,280038,0,1,0,0,2,34,5,2375,9212,6837,47,1,0,1,3,2,94,2726,55,58.1,895.4,407,7,474,136.3,7,0,6,4.4
0,0,0,0,0,0,0,0,0,0,0,0,0,0,0,0,0,0,0,0,0,0,0,0,5,0,0,0,0,0,0,0,19664,0,0,0,0,2,0,0,-38,186,224,41,1,0,0,0,1,16,513,9,11.6,147.8,8,0,101,16.8,1,0,0,0.3
0,33,0,0,0,21,1,3,23,1.4,4,0,0,0,0,0,2.1,19,0,0,0,90,0,0,5,0,0,0,0,8,0,0,27201,3,0,1,0,2,1,6,83,2070,1987,44,1,0,0,0,1,77,2880,56,241.7,588.2,30,2,465,86.1,7,0,2,0.5
0,0,0,0,0,0,0,0,0,0,0,0,0,0,0,0,0,0,0,0,0,0,0,0,5,0,0,0,0,0,0,0,11344,0,0,0,0,2,0,0,-1652,85,1737,42,1,0,0,0,0,33,1670,27,139.6,267.8,66,0,224,47.4,4,0,9,0.2
0,0,0,0,0,0,0,0,0,0,0,0,0,0,0,0,0,0,0,0,0,0,0,0,5,0,0,0,0,0,0,0,68397,0,0,0,0,2,0,0,-1099,679,1778,55,1,0,0,3,6,85,1635,36,546.4,414.2,364,6,314,132.6,5,0,2,1.1
0,0,0,0,0,0,0,0,0,0,0,0,0,0,0,0,0,0,0,0,0,0,0,0,5,0,0,0,0,0,0,0,1429,0,0,0,0,2,0,0,-33,8,41,53,1,0,0,0,0,10,449,14,36.6,61.4,0,0,70,9.9,0,0,0,0
0,19,0,0,0,14,1,0,10,22.7,2,0,0,0,0,0,4,11.2,1,0,0,90,0,2,5,0,0,0,0,2,0,0,9673,0,2,1,0,2,6,3,-115,38,153,52,1,0,0,1,2,61,1802,39,182.1,180.8,247,3,206,61,4,0,4,0.2
0,0,0,0,0,0,0,0,0,0,0,0,0,0,0,0,0,0,0,0,0,0,0,0,5,0,0,0,0,0,0,0,1284,0,0,0,0,2,0,0,4,31,27,54,1,0,0,0,1,17,627,14,174.9,91.4,81,0,64,34.8,1,1,3,0
0,32,0,1,0,6,1,1,20,16.9,0,0,0,0,0,0,6.6,15.2,1,0,0,90,0,0,5,0,0,0,0,6,0,0,213373,0,0,0,0,2,34,3,16652,28703,12051,46,1,0,0,2,8,104,2461,47,593.6,574.2,251,10,473,142.3,7,0,4,3.3
0,0,0,0,0,0,0,0,0,0,0,0,0,0,0,0,0,0,0,0,0,0,0,0,5,0,0,0,0,0,0,0,1671,0,0,0,0,2,0,0,-69,23,92,47,1,0,0,0,0,0,0,0,0,0,0,0,0,0,0,0,0,0
0,30,0,0,0,14,1,2,23,13.1,0,0,0,1,0,0,2.9,13.6,1,0,0,90,0,0,5,0,0,0,0,6,0,0,33497,1,2,0,0,2,2,3,-1039,240,1279,46,1,0,0,1,2,80,2952,55,290,450,214,0,406,95.6,8,0,5,0.5
0,0,0,0,0,0,0,0,0,0,0,0,0,0,0,0,0,0,0,0,0,0,0,0,5,0,0,0,0,0,0,0,19118,0,0,0,0,2,0,0,-135,12,147,49,1,0,0,1,1,41,1214,22,121.2,151.6,108,2,133,38,3,0,1,0.3
0,0,0,0,0,0,0,0,0,0,0,0,0,0,0,0,0,0,0,0,0,0,0,0,5,0,0,0,0,0,0,0,38650,0,0,0,0,2,0,0,-361,6,367,53,1,0,0,3,0,48,907,20,108.6,152,292,7,130,54.3,2,0,0,0.6
0,23,1,1,0,2,1,1,9,12.3,0,0,0,2,0,0,3.8,10.2,1,0,0,90,1,0,5,0,0,0,0,2,0,0,165845,1,1,0,0,2,15,1,-24714,8355,33069,57,1,0,1,10,3,104,2037,33,294.1,482.8,898,10,334,167,7,0,7,2.4
0,0,0,0,0,0,0,0,0,0,0,0,0,0,0,0,0,0,0,0,0,0,0,0,5,0,0,0,0,0,0,0,51197,0,0,0,0,2,0,0,-95,17,112,45,1,0,0,0,0,0,0,0,0,0,0,0,0,0,0,0,0,0.8
0,28,1,1,3,56,1,2,19,20.2,0,0,0,0,0,2,19.5,71.4,2,0,0,90,2,0,5,0,0,0,0,9,0,0,76045,3,0,2,0,2,103,13,14353,19904,5551,62,1,1,0,10,2,120,2253,42,268,449,848,17,357,155,7,0,2,1.3
0,40,0,0,0,26,1,3,7,0,0,0,0,0,0,0,1.9,19.4,0,0,0,90,0,0,3,0,0,0,0,11,0,2,700394,0,0,0,2,0,0,6,12064,29814,17750,47,0,0,0,0,0,137,3060,63,10,988.8,0,16,688,99.7,9,0,2,10.9
0,0,0,0,0,0,0,0,0,0,0,0,0,0,0,0,0,0,0,0,0,0,0,0,3,0,0,0,0,0,0,0,5629,0,0,0,2,0,0,0,-32,34,66,42,0,0,0,0,0,0,0,0,0,0,0,0,0,0,0,0,0,0.1
0,19,0,0,3,33,1,13,12,0.2,0,0,0,2,0,1,11.5,73.4,0,0,0,90,0,0,3,0,0,0,0,0,0,0,25607,0,0,1,2,0,41,15,4230,5495,1265,47,0,0,0,1,4,88,2679,57,206.8,608.4,491,5,439,130.8,8,0,5,0.4
0,0,0,0,0,0,0,0,0,0,0,0,0,0,0,0,0,0,0,0,0,0,0,0,3,0,0,0,0,0,0,0,119504,0,0,0,2,0,0,0,-11593,184,11777,45,0,0,0,4,1,95,2475,52,51.4,787,304,11,459,114.2,7,0,7,1.8
0,25,0,0,1,30,1,15,12,0.3,0,0,0,3,0,0,3.4,31.4,0,0,0,90,0,0,3,0,0,0,0,7,0,0,30891,0,3,0,2,0,2,7,7459,9357,1898,44,0,0,0,0,1,86,3015,61,104.8,620,134,3,518,86.2,9,0,0,0.5
0,0,0,0,0,0,0,0,0,0,0,0,0,0,0,0,0,0,0,0,0,0,0,0,3,0,0,0,0,0,0,0,170191,0,0,0,2,0,0,0,-2825,5322,8147,38,0,0,0,0,0,0,0,0,0,0,0,0,0,0,0,0,0,2.7
0,24,0,0,0,26,1,8,20,1.1,0,0,0,1,0,0,3.4,15.2,0,0,0,90,0,0,3,0,0,0,0,7,0,0,26507,0,3,0,2,0,18,5,648,1026,378,44,0,0,1,0,1,67,2279,44,220.9,381.4,81,4,377,68.3,8,0,5,0.4
0,15,0,0,0,19,1,3,8,0.4,0,0,0,0,0,0,0.6,5.2,0,0,0,90,0,0,3,0,0,0,0,2,0,0,252799,0,0,0,2,0,0,6,-2003,9740,11743,39,0,0,0,0,0,33,1182,20,28,192.6,13,1,167,23.4,4,0,4,4
0,0,0,0,0,0,0,0,0,0,0,0,0,0,0,0,0,0,0,0,0,0,0,0,3,0,0,0,0,0,0,0,32791,0,0,0,2,0,0,0,-359,204,563,39,0,0,0,0,0,1,97,4,1.5,12.2,0,0,11,1.5,0,0,0,0.5
0,0,0,0,0,0,0,0,0,0,0,0,0,0,0,0,0,0,0,0,0,0,0,0,3,0,0,0,0,0,0,0,1971,0,0,0,2,0,0,0,-4,7,11,40,0,0,0,0,0,0,0,0,0,0,0,0,0,0,0,0,0,0
0,42,0,0,0,18,1,6,31,25.8,0,0,0,0,0,0,8,32.6,2,0,0,90,0,0,3,0,0,0,0,9,0,0,4878,2,2,0,2,0,22,3,-12,32,44,46,0,0,0,0,0,43,1876,39,466.2,277.6,204,0,219,94.5,5,1,4,0.1
1,26,0,0,0,22,1,3,19,46,3,0,0,2,0,0,9.9,35.2,4,0,0,90,0,0,3,0,0,0,0,8,0,0,8559,1,0,0,2,0,18,6,1405,1801,396,50,0,0,0,3,2,76,1942,43,321.8,278,387,4,213,98,6,0,4,0.1
0,22,0,0,2,32,1,1,14,2.4,3,0,0,1,0,1,5.1,40,0,0,0,79,0,0,3,0,0,0,0,7,0,0,1792,3,2,0,2,0,9,10,-19,21,40,48,0,1,0,2,0,38,629,12,103.7,170.2,161,3,144,43.6,3,0,0,0
0,0,0,0,0,0,0,0,0,0,0,0,0,0,0,0,0,0,0,0,0,0,0,0,3,0,0,0,0,0,0,0,25145,0,0,0,2,0,0,0,-2877,45,2922,49,0,0,0,4,2,80,1993,41,311.9,266.8,541,4,227,111.7,5,0,4,0.4
0,22,0,0,0,9,0,1,15,10.9,0,0,0,0,0,0,2.4,5.2,1,0,0,54,0,0,3,0,0,0,0,3,0,0,44328,0,3,2,2,0,8,1,-2016,524,2540,44,0,0,0,1,1,59,1943,34,203.4,342,197,3,263,74.2,6,0,4,0.7
0,0,0,0,0,0,0,0,0,0,0,0,0,0,0,0,0,0,0,0,0,0,0,0,3,0,0,0,0,0,0,0,3848,0,0,0,2,0,0,0,-8,5,13,44,0,0,0,0,0,0,0,0,0,0,0,0,0,0,0,0,0,0.1
0,0,0,0,0,0,0,0,0,0,0,0,0,0,0,0,0,0,0,0,0,0,0,0,3,0,0,0,0,0,0,0,4318,0,0,0,2,0,0,0,-42,68,110,43,0,0,0,0,0,2,21,2,1,0.6,8,0,6,0.9,0,0,0,0.1
0,0,0,0,0,0,0,0,0,0,0,0,0,0,0,0,0,0,0,0,0,0,0,0,3,0,0,0,0,0,0,0,12987,0,0,0,2,0,0,0,-428,91,519,43,0,0,0,1,0,19,331,11,56.7,60.2,69,0,58,18.3,0,0,0,0.2
0,0,0,0,0,0,0,0,0,0,0,0,0,0,0,0,0,0,0,0,0,0,0,0,3,0,0,0,0,0,0,0,14893,0,0,0,2,0,0,0,116,644,528,48,0,0,0,3,1,68,1634,29,204.2,246.6,498,3,160,94.1,6,0,1,0.2
0,1,0,0,0,3,0,0,1,0,0,0,0,0,0,0,0,0,0,0,0,5,0,0,3,0,0,0,0,0,0,0,36714,0,0,0,2,0,0,1,-1308,661,1969,46,0,0,0,1,1,29,615,17,147.1,95.8,241,2,84,48.4,1,0,1,0.6
0,0,0,0,0,0,0,0,0,0,0,0,0,0,0,0,0,0,0,0,0,0,0,0,3,0,0,0,0,0,0,0,7511,0,0,0,2,0,0,0,-7,14,21,45,0,0,0,0,0,0,0,0,0,0,0,0,0,0,0,0,0,0.1
0,0,0,0,0,0,0,0,0,0,0,0,0,0,0,0,0,0,0,0,0,0,0,0,3,0,0,0,0,0,0,0,58222,0,0,0,2,0,0,0,-322,698,1020,44,0,0,0,0,0,5,32,3,1.5,2,8,0,13,1,0,0,0,0.9
0,0,0,0,0,0,0,0,0,0,0,0,0,0,0,0,0,0,0,0,0,0,0,0,3,0,0,0,0,0,0,0,62910,0,0,0,2,0,0,0,343,3728,3385,52,0,0,0,4,3,69,1230,27,177.3,246.4,305,7,228,72.5,3,0,0,1
0,0,0,0,0,0,0,0,0,0,0,0,0,0,0,0,0,0,0,0,0,0,0,0,12,0,0,0,0,0,0,0,29613,0,0,0,0,2,0,0,-28,3,31,55,0,0,0,0,0,0,0,0,0,0,0,0,0,0,0,0,0,0.5
0,0,0,0,0,0,0,0,0,0,0,0,0,0,0,0,0,0,0,0,0,0,0,0,12,0,0,0,0,0,0,0,8658,0,0,0,0,2,0,0,-237,21,258,47,0,0,0,0,0,6,90,0,0,3.6,0,0,19,0.4,1,0,0,0.1
0,34,0,0,0,7,0,8,23,0.8,1,0,0,2,2,0,3.4,27.6,0,0,0,90,0,0,12,0,0,0,0,3,0,0,639822,0,0,0,0,2,6,0,-28071,13585,41656,64,0,0,1,1,5,140,3042,36,486.5,715.2,234,11,728,144.1,14,0,4,10.1
0,0,0,0,0,0,0,0,0,0,0,0,0,0,0,0,0,0,0,0,0,0,0,0,12,0,0,0,0,0,0,0,33266,0,0,0,0,2,0,0,-31,62,93,50,0,0,0,0,0,1,21,0,0,2.8,0,0,3,0.3,0,0,0,0.5
0,0,0,0,0,0,0,0,0,0,0,0,0,0,0,0,0,0,0,0,0,0,0,0,12,0,0,0,0,0,0,0,1539182,0,0,0,0,2,0,0,-81726,763,82489,63,0,0,0,1,8,139,2489,27,487.4,533,436,19,617,145.9,12,0,6,24.1
0,46,0,0,0,14,0,8,36,13.6,0,0,0,1,2,0,5.1,37.2,1,0,0,90,0,0,12,0,0,0,0,7,0,0,834045,0,0,0,0,2,0,1,-98978,5278,104256,60,0,0,0,2,2,140,2880,33,327.3,759.4,301,16,698,138.7,14,0,3,13.1
0,0,0,0,0,0,0,0,0,0,0,0,0,0,0,0,0,0,0,0,0,0,0,0,12,0,0,0,0,0,0,0,78048,0,0,0,0,2,0,0,-144,1,145,55,0,0,0,0,0,2,26,1,12.7,1.2,6,0,3,2,0,0,0,1.2
0,16,0,0,0,4,0,3,15,0.2,0,0,0,0,0,0,0.5,5.2,0,0,0,39,0,0,12,0,0,0,0,1,0,0,223944,0,0,0,0,2,0,1,-9422,1230,10652,59,0,0,0,1,1,111,2807,34,143,556.4,266,9,591,96.7,12,0,7,3.4
0,21,0,0,0,4,0,3,19,0.1,0,0,0,0,2,0,0.8,8,0,0,0,50,0,0,12,0,0,0,0,2,0,0,24234,0,0,0,0,2,0,0,-145,76,221,50,0,0,0,0,0,14,410,5,6.5,82.2,2,0,85,9.1,2,0,1,0.4
0,0,0,0,0,0,0,0,0,0,0,0,0,0,0,0,0,0,0,0,0,0,0,0,12,0,0,0,0,0,0,0,8409,0,0,0,0,2,0,0,4,43,39,50,0,0,0,0,0,3,35,0,0.8,3.8,21,0,4,2.5,0,0,0,0.1
0,39,1,0,0,14,0,6,31,16.6,0,0,0,1,2,0,4,21.4,1,0,0,90,0,0,12,0,0,0,0,5,0,0,12228,1,0,0,0,2,2,1,-473,681,1154,52,0,0,0,0,0,21,570,9,81.8,97,70,1,116,24.9,2,0,0,0.2
0,28,0,2,0,-1,0,0,22,4.3,8,0,0,1,2,0,7.9,13.4,0,0,0,90,2,0,12,0,0,0,0,1,0,0,1928321,5,0,1,0,2,61,2,-204590,38053,242643,111,0,0,0,16,12,217,2627,32,1269.3,1183.4,1391,31,785,384.8,11,0,2,30.1
0,0,0,0,0,0,0,0,0,0,0,0,0,0,0,0,0,0,0,0,0,0,0,0,12,0,0,0,0,0,0,0,21410,0,0,0,0,2,0,0,-35,0,35,62,0,0,0,0,0,6,175,2,58.5,37,14,0,36,10.9,0,0,1,0.3
0,42,1,0,0,15,0,2,35,30.2,1,0,0,0,2,0,6.1,19.4,2,0,0,90,0,1,12,0,0,0,0,8,0,0,253504,4,0,1,0,2,11,2,-15376,922,16298,71,0,0,0,3,7,104,1940,24,1090.6,541,718,6,459,235.1,10,0,1,4
0,0,0,0,0,0,0,0,0,0,0,0,0,0,0,0,0,0,0,0,0,0,0,0,12,0,0,0,0,0,0,0,235834,0,0,0,0,2,0,0,-36201,336,36537,63,0,0,0,8,1,102,1533,19,416.1,468.8,634,12,397,151.7,5,0,1,3.6
0,32,0,0,0,20,0,6,26,13.3,4,0,0,1,2,0,6.3,30.4,1,0,0,90,0,0,12,0,0,0,0,6,0,0,1156633,1,1,0,0,2,19,2,-41687,5492,47179,50,0,0,0,3,4,107,2948,35,729.2,634.4,357,3,526,172.3,14,0,3,18.1
0,3,0,0,0,4,0,2,2,0.3,0,0,0,0,0,0,0.4,3.2,0,0,0,15,0,0,12,0,0,0,0,0,0,0,90524,0,0,0,0,2,0,1,-3982,621,4603,51,0,0,0,3,5,76,1156,13,333.2,311.2,399,5,287,104.1,6,0,1,1.4
0,0,0,0,0,0,0,0,0,0,0,0,0,0,0,0,0,0,0,0,0,0,0,0,12,0,0,0,0,0,0,0,7017,0,0,0,0,2,0,0,-7,20,27,46,0,0,0,0,0,0,0,0,0,0,0,0,0,0,0,0,0,0.1
0,0,0,0,0,0,0,0,0,0,0,0,0,0,0,0,0,0,0,0,0,0,0,0,12,0,0,0,0,0,0,0,4292,0,0,0,0,2,0,0,-2,1,3,49,0,0,0,0,0,0,0,0,0,0,0,0,0,0,0,0,0,0.1
0,0,0,0,0,0,0,0,0,0,0,0,0,0,0,0,0,0,0,0,0,0,0,0,12,0,0,0,0,0,0,0,2860,0,0,0,0,2,0,0,-21,18,39,44,0,0,0,0,0,0,0,0,0,0,0,0,0,0,0,0,0,0
0,11,0,0,0,5,0,0,9,1.9,0,0,0,0,2,0,1.1,5.2,0,0,0,55,0,0,12,0,0,0,0,4,0,0,190038,1,1,0,0,2,4,1,2489,22732,20243,42,0,0,0,0,1,17,348,3,125.5,82.6,127,1,79,33.2,2,0,0,3
0,35,0,0,0,9,0,2,33,4.4,1,0,0,2,2,0,1.2,3.6,0,0,0,74,0,0,12,0,0,0,0,8,0,0,38739,5,0,0,0,2,4,2,3010,5552,2542,52,0,0,0,5,2,64,706,7,177.3,316.4,261,5,224,75.5,3,0,0,0.6
0,0,0,0,0,0,0,0,0,0,0,0,0,0,0,0,0,0,0,0,0,0,0,0,12,0,0,0,0,0,0,0,120926,0,0,0,0,2,0,0,-5259,763,6022,77,0,0,0,2,4,52,798,5,241.8,182.2,469,2,167,88.2,6,0,1,1.9
0,0,0,0,0,0,0,0,0,0,0,0,0,0,0,0,0,0,0,0,0,0,0,0,12,0,0,0,0,0,0,0,83654,0,0,0,0,2,0,0,-204,3,207,84,0,0,0,5,0,46,936,11,130.2,219.8,523,3,119,86.3,6,0,3,1.3
0,0,0,0,0,0,0,0,0,0,0,0,0,0,0,0,0,0,0,0,0,0,0,0,13,0,0,0,0,0,0,0,162432,0,0,0,3,1,0,0,-5247,125,5372,44,1,0,0,0,0,67,1575,26,0,358.8,0,6,311,35.9,5,0,0,2.6
0,0,0,0,0,0,0,0,0,0,0,0,0,0,0,0,0,0,0,0,0,0,0,0,13,0,0,0,0,0,0,0,649418,0,0,0,3,1,0,0,-15298,2173,17471,39,1,0,0,0,0,1,90,4,0,31.4,0,0,16,3.1,0,0,0,10.2
0,25,0,0,0,17,0,0,14,0,0,0,0,0,3,0,2.3,23,0,0,0,90,0,0,13,0,0,0,0,9,0,4,108447,0,0,0,3,1,0,2,-5527,10521,16048,42,1,0,0,0,0,66,1394,16,0,318,0,7,297,31.8,6,0,2,1.7
0,0,0,0,0,0,0,0,0,0,0,0,0,0,0,0,0,0,0,0,0,0,0,0,13,0,0,0,0,0,0,0,204715,0,0,0,3,1,0,0,-19290,1385,20675,43,1,0,0,1,1,86,2561,37,83,560.8,276,0,504,92.3,10,0,6,3
0,20,0,0,0,13,0,12,16,0.3,1,0,0,0,3,0,4.3,36.6,0,0,0,90,0,0,13,0,0,0,0,4,0,0,1338,0,0,1,3,1,6,1,-38,60,98,44,1,0,0,0,0,12,391,6,1.6,109.6,8,0,71,12,1,0,1,0
0,16,0,0,0,10,0,8,13,0.3,0,0,0,0,3,0,1.9,18.6,0,0,0,90,0,0,13,0,0,0,0,1,0,0,293833,0,0,0,3,1,0,1,482,5339,4857,39,1,0,0,0,0,19,750,14,16.5,183.2,8,1,119,20.9,2,0,2,4.7
0,1,0,0,0,6,0,0,1,0,0,0,0,0,1,0,0.5,3.2,0,0,0,21,0,0,13,0,0,0,0,0,0,0,284275,1,2,0,3,1,2,1,-25261,4685,29946,45,1,0,0,4,3,91,1660,26,240.5,385.2,430,3,301,105.7,4,0,1,4.3
0,30,0,0,0,11,0,4,20,15.4,0,0,0,1,3,0,2.7,9.2,1,0,0,90,0,1,13,0,0,0,0,5,0,0,342379,1,1,0,3,1,2,1,-8037,10189,18226,55,1,0,0,2,2,126,3016,43,516.9,557.6,420,16,573,149.7,11,0,3,5.4
0,0,0,0,0,0,0,0,0,0,0,0,0,0,0,0,0,0,0,0,0,0,0,0,13,0,0,0,0,0,0,0,81288,0,0,0,3,1,0,0,-1620,50,1670,49,1,0,0,0,0,88,2416,35,78.2,540.6,47,13,533,66.6,9,0,2,1.3
0,0,0,0,0,0,0,0,0,0,0,0,0,0,0,0,0,0,0,0,0,0,0,0,13,0,0,0,0,0,0,0,2959,0,0,0,3,1,0,0,6,23,17,43,1,0,0,0,0,0,0,0,0,0,0,0,0,0,0,0,0,0
0,21,0,0,0,24,0,14,12,2.2,1,0,0,0,3,0,3.8,36,0,0,0,90,0,0,13,0,0,0,0,7,0,0,1547779,2,5,0,3,1,0,1,-80506,24813,105319,45,1,0,0,0,2,105,2774,40,235.4,760.2,133,15,587,113.1,11,1,4,24.6
0,0,0,0,0,0,0,0,0,0,0,0,0,0,0,0,0,0,0,0,0,0,0,0,17,0,0,0,0,0,0,0,67651,0,0,0,0,4,0,0,-5314,221,5535,42,0,0,0,0,0,15,392,9,79.9,43.6,39,0,50,16.3,1,0,1,1
1,22,0,0,0,17,0,3,18,1.6,1,0,0,0,2,0,0.7,5.2,0,0,0,84,0,0,13,0,0,0,0,8,0,0,177789,2,0,0,3,1,0,5,-15460,1559,17019,48,1,0,0,2,6,103,2697,42,407.8,544,375,5,412,132.8,10,0,6,2.7
0,2,0,0,0,3,0,0,2,0.1,0,0,0,0,1,0,0,0,0,0,0,5,0,0,13,0,0,0,0,0,0,0,1260,0,0,0,3,1,0,1,-19,44,63,49,1,0,0,0,0,2,6,1,0.1,0,0,0,7,0,0,0,0,0
0,17,0,0,0,21,0,7,8,11.2,1,0,0,0,2,0,3.1,19.4,1,0,0,76,0,0,13,0,0,0,0,8,0,0,221085,2,5,0,3,1,0,2,-21823,2404,24227,58,1,0,0,4,4,113,2806,42,844.5,614.2,534,5,437,199.5,11,0,1,3.4
0,42,0,0,1,31,0,2,31,29.1,0,0,0,1,3,1,8.5,45.6,2,0,0,90,0,1,13,0,0,0,0,4,0,0,568198,0,1,1,3,1,10,8,-24879,24560,49439,64,1,0,0,12,1,156,3060,46,736.7,988.2,444,24,666,217,11,0,8,8.9
0,24,0,0,0,5,0,0,19,2.7,4,0,0,0,3,0,5.1,11.2,0,0,0,90,0,0,13,0,0,0,0,3,0,0,794047,10,2,0,3,1,37,2,-34783,9457,44240,69,1,0,0,8,8,118,2681,42,627.4,611.4,1052,12,365,229.2,10,1,7,12.4
0,26,0,0,0,2,0,4,18,4.2,2,0,0,3,3,0,3.5,9.8,0,0,0,90,1,0,13,0,0,0,0,1,0,0,27591,4,0,0,3,1,21,2,-133,115,248,63,1,0,0,0,0,19,640,11,94.6,37,305,0,19,42.5,2,0,1,0.4
0,0,0,0,0,0,0,0,0,0,0,0,0,0,0,0,0,0,0,0,0,0,0,0,13,0,0,0,0,0,0,0,8683,0,0,0,3,1,0,0,-30,6,36,48,1,0,0,0,0,12,173,3,38.3,19.2,59,0,32,11.3,0,0,0,0.1
0,38,0,0,0,16,0,2,25,0,0,0,0,0,2,0,2.6,25.6,0,0,0,90,0,0,9,0,0,0,0,10,0,3,829436,0,0,0,0,2,0,2,12866,24418,11552,49,0,0,0,0,0,142,3060,44,10,741,0,13,630,75,11,0,1,13.1
0,0,0,0,0,0,0,0,0,0,0,0,0,0,0,0,0,0,0,0,0,0,0,0,9,0,0,0,0,0,0,0,214761,0,0,0,0,2,0,0,-4439,1284,5723,39,0,0,0,0,0,0,0,0,0,0,0,0,0,0,0,0,0,3.4
0,0,0,0,0,0,0,0,0,0,0,0,0,0,0,0,0,0,0,0,0,0,0,0,9,0,0,0,0,0,0,0,33762,0,0,0,0,2,0,0,-7,79,86,50,0,0,0,0,0,7,374,6,91.4,48.4,15,0,48,15.4,0,0,0,0.5
0,38,1,0,0,20,0,2,29,26.8,0,0,0,0,2,0,4.1,13.8,1,0,0,90,0,1,9,0,0,0,0,10,0,0,94286,1,2,0,0,2,0,1,10602,13612,3010,52,0,0,0,1,2,98,2288,30,339.2,430,184,9,465,95.3,10,0,1,1.5
0,68,0,0,0,14,0,3,49,0.7,0,0,0,0,2,0,2.9,24,0,0,0,90,0,0,9,0,0,0,0,5,0,0,33248,0,2,0,0,2,4,1,6552,7385,833,43,0,0,0,1,0,20,323,4,21.4,79.2,43,3,74,14.3,2,1,0,0.5
0,0,0,0,0,0,0,0,0,0,0,0,0,0,0,0,0,0,0,0,0,0,0,0,9,0,0,0,0,0,0,0,2925,0,0,0,0,2,0,0,-1,1,2,45,0,0,0,0,0,0,0,0,0,0,0,0,0,0,0,0,0,0
0,0,0,0,0,0,0,0,0,0,0,0,0,0,0,0,0,0,0,0,0,0,0,0,9,0,0,0,0,0,0,0,5896,0,0,0,0,2,0,0,-24,0,24,43,0,0,0,0,0,5,407,9,5,92.2,2,0,61,9.9,0,0,1,0.1
0,0,0,0,0,0,0,0,0,0,0,0,0,0,0,0,0,0,0,0,0,0,0,0,9,0,0,0,0,0,0,0,10375,0,0,0,0,2,0,0,-108,100,208,42,0,0,0,0,1,19,789,15,102.7,166.2,12,0,134,28,1,0,1,0.2
0,0,0,0,0,0,0,0,0,0,0,0,0,0,0,0,0,0,0,0,0,0,0,0,9,0,0,0,0,0,0,0,254862,0,0,0,0,2,0,0,-9860,9160,19020,48,0,0,0,1,2,109,2610,37,99.4,647.2,282,14,553,103.3,10,0,2,4
0,0,0,0,0,0,0,0,0,0,0,0,0,0,0,0,0,0,0,0,0,0,0,0,9,0,0,0,0,0,0,0,2455,0,0,0,0,2,0,0,-7,0,7,45,0,0,0,0,0,0,0,0,0,0,0,0,0,0,0,0,0,0
0,2,0,0,0,7,0,0,1,0,0,0,0,0,0,0,0.4,4,0,0,0,6,0,0,9,0,0,0,0,1,0,0,162663,0,2,0,0,2,0,1,-953,355,1308,59,0,0,0,3,3,86,1934,31,333.6,330.2,561,4,241,121.9,6,0,1,2.6
0,0,0,0,0,0,0,0,0,0,0,0,0,0,0,0,0,0,0,0,0,0,0,0,9,0,0,0,0,0,0,0,5763,0,0,0,0,2,0,0,-5,1,6,58,0,0,0,0,0,0,0,0,0,0,0,0,0,0,0,0,0,0.1
0,0,0,0,0,0,0,0,0,0,0,0,0,0,0,0,0,0,0,0,0,0,0,0,9,0,0,0,0,0,0,0,2770,0,0,0,0,2,0,0,-4,44,48,44,0,0,0,0,0,0,0,0,0,0,0,0,0,0,0,0,0,0
0,0,0,0,0,0,0,0,0,0,0,0,0,0,0,0,0,0,0,0,0,0,0,0,9,0,0,0,0,0,0,0,119065,0,0,0,0,2,0,0,-4590,201,4791,42,0,0,0,0,1,18,472,7,101.3,96.2,14,0,97,21.2,2,0,1,1.8
0,63,0,0,0,11,0,2,51,14.5,0,0,0,2,2,0,3.2,16.2,1,0,0,90,0,0,9,0,0,0,0,6,0,0,19395,2,1,1,0,2,1,2,156,534,378,47,0,0,0,0,1,65,2502,30,250.5,544.4,117,0,404,91.3,10,0,5,0.3
0,0,0,0,0,0,0,0,0,0,0,0,0,0,0,0,0,0,0,0,0,0,0,0,9,0,0,0,0,0,0,0,7445,0,0,0,0,2,0,0,-17,37,54,51,0,0,0,0,0,26,975,19,96.2,122.6,103,0,127,32.1,2,0,3,0.1
0,6,0,0,0,0,0,0,4,0.6,0,0,0,0,0,0,0.3,0.4,0,0,0,16,0,0,9,0,0,0,0,2,0,0,5912,3,0,0,0,2,2,1,-101,24,125,49,0,0,0,0,2,28,552,7,156,119.6,148,0,99,42.5,1,0,0,0.1
0,0,0,0,0,0,0,0,0,0,0,0,0,0,0,0,0,0,0,0,0,0,0,0,9,0,0,0,0,0,0,0,439,0,0,0,0,2,0,0,-1,0,1,60,0,0,0,0,0,0,0,0,0,0,0,0,0,0,0,0,0,0
0,17,1,0,0,12,0,0,10,32.3,0,0,0,1,2,0,4,7.2,2,0,0,73,0,1,9,0,0,0,0,2,0,0,504909,1,1,0,0,2,0,2,17486,51699,34213,74,0,0,0,12,4,157,2767,39,956.7,844.8,968,17,580,276.9,12,0,3,7.4
0,0,0,0,0,0,0,0,0,0,0,0,0,0,0,0,0,0,0,0,0,0,0,0,9,0,0,0,0,0,0,0,495,0,0,0,0,2,0,0,0,0,0,50,0,0,0,0,0,0,0,0,0,0,0,0,0,0,0,0,0,0
0,0,0,0,0,0,0,0,0,0,0,0,0,0,0,0,0,0,0,0,0,0,0,0,9,0,0,0,0,0,0,0,2976,0,0,0,0,2,0,0,-18,5,23,43,0,0,0,0,0,0,0,0,0,0,0,0,0,0,0,0,0,0
0,16,0,2,0,-5,0,1,10,2.6,0,0,0,1,2,0,2.8,0,0,0,0,90,0,0,9,0,0,0,0,3,0,0,125871,2,0,3,0,2,25,2,6536,14862,8326,54,0,0,0,6,4,83,1517,26,147.2,298.4,511,3,250,94.6,5,0,3,2
0,16,0,0,0,1,1,0,9,2.2,2,0,0,1,0,0,1.4,0.2,0,0,0,84,0,0,3,0,0,0,0,3,0,0,26938,7,0,0,2,0,12,2,1758,2996,1238,50,0,0,0,0,0,26,862,12,74.6,57.6,280,0,23,41,4,0,0,0.4
0,2,0,0,0,2,0,0,2,0.3,0,0,0,1,0,0,0.6,0,0,0,0,6,0,0,9,0,0,0,0,0,0,0,93237,1,1,1,0,2,6,1,-188,203,391,64,0,0,0,2,3,46,937,15,129.5,168.2,459,0,129,75.4,1,0,3,1.5
0,0,0,0,0,0,0,0,0,0,0,0,0,0,0,0,0,0,0,0,0,0,0,0,8,0,0,0,0,0,0,0,17180,0,0,0,0,2,0,0,-319,38,357,43,1,0,0,0,0,15,630,20,0,195,0,0,114,19.4,0,0,1,0.3
0,0,0,0,0,0,0,0,0,0,0,0,0,0,0,0,0,0,0,0,0,0,0,0,5,0,0,0,0,0,0,0,164048,0,0,0,2,0,0,0,-16234,832,17066,40,1,0,0,0,0,15,360,5,0,89.2,0,2,76,8.9,1,0,0,2.6
0,28,0,0,0,18,1,5,22,0.2,0,0,0,1,0,0,1.4,13.2,0,0,0,90,0,0,8,0,0,0,0,3,0,0,8858,0,1,1,0,2,1,5,-169,38,207,42,1,0,1,0,0,35,1776,48,44.3,278.4,3,3,276,32.7,3,0,1,0.1
0,1,0,0,0,3,0,1,1,0,0,0,0,0,0,0,0.1,1,0,0,0,1,0,0,8,0,0,0,0,0,0,0,7231,0,0,0,0,2,0,1,-77,35,112,44,1,0,0,0,1,37,2476,62,163.3,554,58,2,398,77.8,2,0,4,0.1
0,26,1,0,3,36,1,1,22,32.6,1,0,0,0,0,1,10.6,52.8,2,0,0,90,0,2,8,0,0,0,0,6,0,0,26698,1,0,0,0,2,21,11,-449,44,493,46,1,1,0,1,1,64,1918,46,516.1,321,168,3,347,100.6,4,0,0,0.4
0,0,0,0,0,0,0,0,0,0,0,0,0,0,0,0,0,0,0,0,0,0,0,0,8,0,0,0,0,0,0,0,15083,0,0,0,0,2,0,0,-322,239,561,42,1,0,0,0,0,17,837,27,71.9,99.6,15,0,123,18.7,0,1,4,0.2
0,22,0,0,0,5,1,1,14,1.3,0,0,0,0,0,0,0.9,5.2,0,0,0,90,0,0,8,0,0,0,0,9,0,0,117857,6,1,0,0,2,2,3,-393,220,613,60,1,0,0,2,7,84,1956,56,425.9,383,346,3,262,115.8,1,0,0,1.9
0,0,0,0,0,0,0,0,0,0,0,0,0,0,0,0,0,0,0,0,0,0,0,0,8,0,0,0,0,0,0,0,2901,0,0,0,0,2,0,0,-11,1,12,50,1,0,0,0,0,11,409,12,33,48.8,7,0,48,9,0,0,4,0
0,0,0,0,0,0,0,0,0,0,0,0,0,0,0,0,0,0,0,0,0,0,0,0,8,0,0,0,0,0,0,0,5759,0,0,0,0,2,0,0,-142,37,179,43,1,0,0,1,0,19,380,10,53.5,75.4,64,0,63,19.1,0,0,0,0.1
0,0,0,0,0,0,0,0,0,0,0,0,0,0,0,0,0,0,0,0,0,0,0,0,8,0,0,0,0,0,0,0,2916,0,0,0,0,2,0,0,-16,12,28,43,1,0,0,0,0,6,92,2,7.8,17.6,8,0,21,3.3,0,0,0,0
0,0,0,0,0,0,0,0,0,0,0,0,0,0,0,0,0,0,0,0,0,0,0,0,8,0,0,0,0,0,0,0,7792,0,0,0,0,2,0,0,-20,2,22,44,1,0,0,0,0,0,0,0,0,0,0,0,0,0,0,0,0,0.1
0,0,0,0,0,0,0,0,0,0,0,0,0,0,0,0,0,0,0,0,0,0,0,0,8,0,0,0,0,0,0,0,347881,0,0,0,0,2,0,0,-9036,66,9102,45,1,0,0,3,0,28,688,17,149.5,150,244,2,82,53.1,1,0,2,5.5
0,30,0,0,0,11,0,0,10,0,0,0,0,0,4,0,0.6,6,0,0,0,90,0,0,17,0,0,0,0,11,0,1,348473,0,0,0,0,4,0,0,-19941,11304,31245,39,0,0,0,0,0,9,552,21,0,158,0,0,98,15.7,0,0,0,5.6
0,0,0,0,0,0,0,0,0,0,0,0,0,0,0,0,0,0,0,0,0,0,0,0,17,0,0,0,0,0,0,0,105717,0,0,0,0,4,0,0,-6753,470,7223,44,0,0,0,0,0,88,2507,46,30.3,661.4,4,6,483,69.4,5,0,0,1.6
0,28,0,0,0,11,0,8,21,0,0,0,0,0,4,0,1.7,17,0,0,0,90,0,0,17,0,0,0,0,3,0,0,141135,0,0,0,0,4,0,0,-8723,983,9706,42,0,0,0,1,1,71,2900,63,35.7,583.8,162,7,465,78.4,5,1,4,2.2
0,29,0,0,0,2,0,6,25,2.8,0,0,0,3,4,0,2.2,8.8,0,0,0,90,0,0,17,0,0,0,0,5,0,0,6168,2,0,0,0,4,10,-1,-180,63,243,44,0,0,1,0,3,43,1928,52,356.7,299,173,6,283,82.8,1,0,2,0.1
0,0,0,0,0,0,0,0,0,0,0,0,0,0,0,0,0,0,0,0,0,0,0,0,17,0,0,0,0,0,0,0,3148,0,0,0,0,4,0,0,-5,16,21,44,0,0,0,0,0,5,826,29,70.3,110.8,22,0,103,20.4,1,1,2,0.1
0,0,0,0,0,0,0,0,0,0,0,0,0,0,0,0,0,0,0,0,0,0,0,0,17,0,0,0,0,0,0,0,162580,0,0,0,0,4,0,0,-4596,85,4681,44,0,0,0,3,1,67,2147,38,103.7,544.2,169,4,402,81.9,3,0,6,2.6
0,0,0,0,0,0,0,0,0,0,0,0,0,0,0,0,0,0,0,0,0,0,0,0,17,0,0,0,0,0,0,0,70107,0,0,0,0,4,0,0,-285,3,288,40,0,0,0,0,0,0,0,0,0,0,0,0,0,0,0,0,0,1.1
0,22,0,0,0,12,0,3,18,19.7,1,0,0,0,4,0,4.1,21.2,1,0,0,90,0,2,17,0,0,0,0,3,0,0,3977,2,1,0,0,4,0,0,-64,20,84,43,0,0,0,0,0,50,1837,36,395.7,286.8,80,1,307,76.2,4,0,1,0.1
0,24,0,0,0,12,0,8,19,0.8,1,0,0,1,4,0,2.4,23.2,0,0,0,90,0,0,17,0,0,0,0,2,0,0,13376,0,1,0,0,4,0,0,-433,53,486,43,0,0,0,1,1,54,2356,56,135.2,501,132,3,375,76.9,4,0,4,0.2
0,9,0,0,0,3,0,0,8,0.9,0,0,0,0,2,0,0.2,0.8,0,0,0,8,0,0,17,0,0,0,0,1,0,0,62634,0,0,0,0,4,0,1,132,957,825,50,0,0,0,3,1,70,2056,44,662.9,467,331,5,374,146.3,3,0,4,1
0,0,0,0,0,0,0,0,0,0,0,0,0,0,0,0,0,0,0,0,0,0,0,0,17,0,0,0,0,0,0,0,1482,0,0,0,0,4,0,0,-3,0,3,46,0,0,0,0,0,10,405,6,57.6,27.8,41,0,13,12.6,1,0,0,0
0,40,1,0,0,14,0,3,35,15.3,0,0,0,4,4,0,2.8,10.8,1,0,0,90,0,0,17,0,0,0,0,10,0,0,13773,0,0,0,0,4,2,2,-556,21,577,44,0,0,0,0,1,49,2059,36,262,352.4,47,3,317,66.2,5,1,6,0.2
0,0,0,0,0,0,0,0,0,0,0,0,0,0,0,0,0,0,0,0,0,0,0,0,17,0,0,0,0,0,0,0,73730,0,0,0,0,4,0,0,-7021,34,7055,45,0,0,0,2,0,63,2187,43,341,494.6,375,4,317,121.3,5,0,7,1.1
0,0,0,0,0,0,0,0,0,0,0,0,0,0,0,0,0,0,0,0,0,0,0,0,17,0,0,0,0,0,0,0,410,0,0,0,0,4,0,0,1,3,2,50,0,0,0,0,0,0,0,0,0,0,0,0,0,0,0,0,0,0
0,0,0,0,0,3,0,0,0,0,0,0,0,0,0,0,0,0,0,0,0,1,0,0,17,0,0,0,0,0,0,0,862,0,0,0,0,4,0,1,3,18,15,45,0,0,0,0,0,6,94,1,11.4,8.6,1,0,12,2,1,0,1,0
0,0,0,0,0,0,0,0,0,0,0,0,0,0,0,0,0,0,0,0,0,0,0,0,17,0,0,0,0,0,0,0,2941,0,0,0,0,4,0,0,-39,29,68,43,0,0,0,0,0,2,48,3,0.5,4.2,2,0,6,0.7,0,0,0,0
0,0,0,0,0,0,0,0,0,0,0,0,0,0,0,0,0,0,0,0,0,0,0,0,17,0,0,0,0,0,0,0,3762,0,0,0,0,4,0,0,-187,9,196,48,0,0,0,1,0,57,1895,37,420.3,230.8,512,0,202,116.2,7,0,2,0.1
0,0,0,0,0,0,0,0,0,0,0,0,0,0,0,0,0,0,0,0,0,0,0,0,17,0,0,0,0,0,0,0,4506,0,0,0,0,4,0,0,-15,0,15,47,0,0,0,0,0,4,75,2,48.2,15.4,6,0,13,6.9,0,0,0,0.1
0,33,1,0,0,9,0,1,23,38.3,4,0,0,2,4,0,6,14.8,3,0,0,90,0,0,17,0,0,0,0,6,0,0,26313,4,0,0,0,4,7,1,-1425,868,2293,42,0,0,1,1,0,32,1075,28,239.5,216.2,91,1,157,54.8,0,0,3,0.4
0,0,0,0,0,0,0,0,0,0,0,0,0,0,0,0,0,0,0,0,0,0,0,0,17,0,0,0,0,0,0,0,210357,0,0,0,0,4,0,0,-2498,5173,7671,43,0,0,0,0,0,2,37,2,13.7,2.2,0,0,3,1.6,0,0,0,3.4
0,0,0,0,0,0,0,0,0,0,0,0,0,0,0,0,0,0,0,0,0,0,0,0,17,0,0,0,0,0,0,0,22625,0,0,0,0,4,0,0,-345,16,361,51,0,0,0,0,1,34,1058,23,124.3,51.6,381,0,40,54.8,0,0,1,0.4
0,14,0,1,0,-2,0,1,10,2.8,0,0,0,0,2,0,0.9,0,0,0,0,21,0,0,17,0,0,0,0,1,0,0,10891,0,0,2,0,4,8,1,-545,127,672,58,0,0,0,2,4,64,1635,34,248,226.4,772,4,149,122.5,5,1,1,0.2
0,16,0,0,0,6,0,2,11,2.2,1,0,0,1,4,0,2.1,10.8,0,0,0,90,0,0,17,0,0,0,0,4,0,0,8616,2,0,0,0,4,8,2,-539,92,631,48,0,0,0,0,0,26,1082,28,107.5,83.6,155,0,37,34.1,1,0,2,0.1
0,20,0,0,0,14,0,0,16,0,0,0,0,0,1,0,3.4,34,0,0,0,90,0,0,15,0,0,0,0,11,0,4,325818,0,0,0,1,0,0,2,-11388,2595,13983,50,1,0,1,0,0,103,3060,45,0,666,4,6,535,66.8,8,0,3,5.1
0,0,0,0,0,0,0,0,0,0,0,0,0,0,0,0,0,0,0,0,0,0,0,0,15,0,0,0,0,0,0,0,5423,0,0,0,1,0,0,0,-10,16,26,43,1,0,0,0,0,0,0,0,0,0,0,0,0,0,0,0,0,0.1
0,85,0,0,0,13,0,7,71,1.2,0,0,0,1,1,0,2.2,21.2,0,0,0,90,0,0,15,0,0,0,0,3,0,0,129499,0,0,0,1,0,0,2,9662,19289,9627,46,1,0,0,3,0,76,1924,28,40.1,471,293,7,365,80.5,6,2,1,2.1
0,0,0,0,0,0,0,0,0,0,0,0,0,0,0,0,0,0,0,0,0,0,0,0,15,0,0,0,0,0,0,0,25757,0,0,0,1,0,0,0,-92,120,212,41,1,0,0,0,0,3,206,5,85.6,50.4,14,0,38,14.9,0,0,0,0.4
0,0,0,0,0,0,0,0,0,0,0,0,0,0,0,0,0,0,0,0,0,0,0,0,15,0,0,0,0,0,0,0,13519,0,0,0,1,0,0,0,-68,76,144,42,1,0,0,0,0,11,275,4,12.5,73.4,2,0,47,8.8,1,0,0,0.2
0,0,0,0,0,0,0,0,0,0,0,0,0,0,0,0,0,0,0,0,0,0,0,0,15,0,0,0,0,0,0,0,44965,0,0,0,1,0,0,0,-271,55,326,39,1,0,0,0,0,0,0,0,0,0,0,0,0,0,0,0,0,0.7
0,117,0,0,0,17,0,4,96,33.1,2,0,0,0,1,0,9.8,31.2,2,0,0,90,0,1,15,0,0,0,0,7,0,0,216276,2,0,0,1,0,34,2,-12035,7877,19912,51,1,0,0,0,4,101,2880,40,595.2,607.2,278,8,497,148.6,8,0,3,3.3
0,125,0,0,0,14,0,2,112,3.7,0,0,0,0,1,0,4.7,24.6,0,0,0,90,0,0,15,0,0,0,0,13,0,0,533909,1,0,0,1,0,19,2,-4516,1894,6410,54,1,0,0,3,1,76,2236,38,151.8,631.2,444,8,447,122.6,4,1,5,8.4
0,79,0,0,0,18,0,5,67,9.9,2,0,0,0,1,0,3.2,20.2,0,0,0,90,0,1,15,0,0,0,0,6,0,0,852100,1,1,0,1,0,2,2,-47553,21904,69457,54,1,0,0,2,7,124,2763,42,491.6,779.6,375,17,598,164.6,8,0,6,13
0,0,0,0,0,0,0,0,0,0,0,0,0,0,0,0,0,0,0,0,0,0,0,0,15,0,0,0,0,0,0,0,29992,0,0,0,1,0,0,0,-2998,245,3243,48,1,0,0,1,0,60,1633,23,54.4,362.6,133,1,329,55.1,6,0,2,0.5
0,0,0,0,0,0,0,0,0,0,0,0,0,0,0,0,0,0,0,0,0,0,0,0,7,0,0,0,0,0,0,0,113390,0,0,0,3,1,0,0,-670,1033,1703,82,0,0,0,6,3,89,1241,8,416.5,395.2,670,11,304,148.1,4,0,0,1.8
0,9,0,0,0,9,0,0,5,42.7,0,0,0,0,0,0,5.7,12.4,3,0,0,10,0,3,15,0,0,0,0,2,0,0,19896,0,0,0,1,0,2,1,-158,10,168,51,1,0,0,2,2,53,1310,15,370.5,335.2,199,4,246,90.5,3,0,3,0.3
0,26,0,0,0,6,0,2,17,14.7,1,0,0,1,1,0,2,3.6,1,0,0,71,0,0,15,0,0,0,0,2,0,0,63057,2,0,0,1,0,2,2,-3669,780,4449,54,1,0,0,4,1,80,1886,27,305.6,315.8,577,3,233,119.4,6,0,2,1
0,0,0,0,0,0,0,0,0,0,0,0,0,0,0,0,0,0,0,0,0,0,0,0,15,0,0,0,0,0,0,0,9566,0,0,0,1,0,0,0,-40,13,53,43,1,0,0,0,0,15,639,9,46.7,139,21,0,103,20.8,1,0,2,0.2
0,97,0,0,0,12,0,3,88,13.8,0,0,1,1,1,0,2.4,8.8,1,0,0,71,0,0,15,0,0,0,0,11,0,0,52463,4,1,1,1,0,1,2,-1343,776,2119,49,1,0,0,2,0,82,3005,44,324.1,647.8,319,4,508,129.3,8,0,7,0.8
0,0,0,0,0,0,0,0,0,0,0,0,0,0,0,0,0,0,0,0,0,0,0,0,15,0,0,0,0,0,0,0,2277,0,0,0,1,0,0,0,-7,0,7,47,1,0,0,0,0,9,224,4,27.8,26.8,25,0,31,8,0,0,0,0
0,0,0,0,0,0,0,0,0,0,0,0,0,0,0,0,0,0,0,0,0,0,0,0,15,0,0,0,0,0,0,0,1941,0,0,0,1,0,0,0,0,57,57,44,1,0,0,0,0,0,0,0,0,0,0,0,0,0,0,0,0,0
0,0,0,0,0,0,0,0,0,0,0,0,0,0,0,0,0,0,0,0,0,0,0,0,15,0,0,0,0,0,0,0,7930,0,0,0,1,0,0,0,-214,29,243,43,1,0,0,0,0,12,335,3,30.7,71.2,41,0,44,14.4,2,0,0,0.1
0,0,0,0,0,0,0,0,0,0,0,0,0,0,0,0,0,0,0,0,0,0,0,0,15,0,0,0,0,0,0,0,9464,0,0,0,1,0,0,0,-23,3,26,47,1,0,0,0,0,3,87,1,6.3,14.2,0,0,16,2.1,0,0,0,0.1
0,0,0,0,0,0,0,0,0,0,0,0,0,0,0,0,0,0,0,0,0,0,0,0,15,0,0,0,0,0,0,0,2027,0,0,0,1,0,0,0,-7,0,7,46,1,0,0,0,0,1,54,1,15.8,7.4,0,0,4,2.3,0,0,0,0
0,58,0,0,0,12,0,0,48,29,0,0,0,1,1,0,4.7,10.6,1,0,0,90,0,1,15,0,0,0,0,5,0,0,482126,1,1,1,1,0,7,2,-28388,30873,59261,69,1,0,0,7,6,124,2489,41,1405.6,743,660,12,571,280.7,6,1,3,7
0,14,0,1,0,-1,0,0,8,5.5,1,0,0,0,1,0,3.7,2.2,0,0,0,90,2,0,15,0,0,0,0,0,0,0,890784,2,0,1,1,0,29,2,61389,156238,94849,92,1,0,0,15,5,148,2366,33,340.1,689.4,1011,25,501,203.9,9,1,3,12.7
0,0,0,0,0,0,0,0,0,0,0,0,0,0,0,0,0,0,0,0,0,0,0,0,15,0,0,0,0,0,0,0,34400,0,0,0,1,0,0,0,-77,231,308,52,1,0,0,0,1,24,245,4,28.3,43.2,90,0,56,16,0,0,0,0.5
0,2,0,0,0,2,0,0,1,1.3,1,0,0,0,0,0,2.4,2,0,0,0,18,1,0,15,0,0,0,0,0,0,0,52434,0,0,1,1,0,21,1,-323,198,521,57,1,0,0,1,5,57,908,16,208.2,135,227,3,162,56.5,1,0,1,0.8
0,0,0,0,0,0,0,0,0,0,0,0,0,0,0,0,0,0,0,0,0,0,0,0,6,0,0,0,0,0,0,0,7647,0,0,0,0,2,0,0,-20,10,30,47,1,0,0,0,0,0,0,0,0,0,0,0,0,0,0,0,0,0.1
0,0,0,0,0,0,0,0,0,0,0,0,0,0,0,0,0,0,0,0,0,0,0,0,6,0,0,0,0,0,0,0,5233,0,0,0,0,2,0,0,-5,5,10,49,1,0,0,0,0,0,0,0,0,0,0,0,0,0,0,0,0,0.1
0,0,0,0,0,0,0,0,0,0,0,0,0,0,0,0,0,0,0,0,0,0,0,0,6,0,0,0,0,0,0,0,94308,0,0,0,0,2,0,0,-286,310,596,49,1,0,0,1,1,56,813,5,27,197.8,68,9,213,29.3,5,0,1,1.5
0,0,0,0,0,0,0,0,0,0,0,0,0,0,0,0,0,0,0,0,0,0,0,0,6,0,0,0,0,0,0,0,15328,0,0,0,0,2,0,0,-27,55,82,41,1,0,0,0,0,4,154,2,42,20,5,0,24,6.7,0,0,0,0.2
0,0,0,0,0,0,0,0,0,0,0,0,0,0,0,0,0,0,0,0,0,0,0,0,3,0,0,0,0,0,0,0,51933,0,0,0,5,0,0,0,-6377,611,6988,44,0,0,0,0,0,24,1001,18,58.9,150.6,58,0,142,26.5,2,0,2,0.8
0,0,0,0,0,0,0,0,0,0,0,0,0,0,0,0,0,0,0,0,0,0,0,0,6,0,0,0,0,0,0,0,62367,0,0,0,0,2,0,0,-76,160,236,48,1,0,0,0,0,52,1047,4,91.8,208.6,44,2,259,34.5,7,0,2,1
0,75,0,0,0,27,1,5,66,1.3,0,0,0,0,0,0,2.4,20.6,0,0,0,90,0,0,6,0,0,0,0,4,0,0,61277,0,1,0,0,2,2,6,-6094,1531,7625,49,1,0,0,1,0,70,1355,12,42.1,366.8,83,6,338,49.3,7,0,3,1
0,0,0,0,0,0,0,0,0,0,0,0,0,0,0,0,0,0,0,0,0,0,0,0,6,0,0,0,0,0,0,0,2484,0,0,0,0,2,0,0,-3,0,3,44,1,0,0,0,0,0,0,0,0,0,0,0,0,0,0,0,0,0
0,80,0,0,2,33,1,5,60,18.8,2,0,0,1,0,0,7,26.2,1,0,0,90,0,1,6,0,0,0,0,16,0,0,1248863,1,2,0,0,2,25,8,-10828,55463,66291,55,1,0,0,1,7,139,2108,12,656.3,572.2,260,16,588,148.7,13,0,3,20.2
1,72,0,0,3,38,1,6,65,11.3,0,0,0,0,0,0,4.9,35.6,1,0,0,90,0,0,6,0,0,0,0,5,0,0,1882663,0,0,0,0,2,2,12,-32779,15543,48322,66,1,0,0,3,4,181,3024,20,105.1,884.2,419,20,823,141,17,0,1,30.1
0,61,0,0,0,24,1,2,54,19.4,0,0,0,0,0,0,3.3,11.4,0,0,0,90,0,1,6,0,0,0,0,5,0,0,2308610,3,1,0,0,2,2,6,-55144,24924,80068,68,1,0,0,0,10,186,2863,18,663.2,652.4,289,27,785,160.6,18,0,4,36.6
0,0,0,0,0,0,0,0,0,0,0,0,0,0,0,0,0,0,0,0,0,0,0,0,6,0,0,0,0,0,0,0,2629,0,0,0,0,2,0,0,3,23,20,64,1,0,0,0,0,0,0,0,0,0,0,0,0,0,0,0,0,0
1,51,1,0,0,25,1,2,43,26.6,0,0,0,1,0,0,7.5,24.6,2,0,0,76,0,0,6,0,0,0,0,6,0,0,36465,1,0,0,0,2,24,6,1283,1611,328,53,1,0,0,1,2,62,1616,12,250.4,298.4,158,2,337,70.8,9,1,1,0.6
0,0,0,0,0,0,0,0,0,0,0,0,0,0,0,0,0,0,0,0,0,0,0,0,6,0,0,0,0,0,0,0,40871,0,0,0,0,2,0,0,-254,16,270,69,1,0,0,0,1,23,460,3,139,85.4,113,0,96,33.8,3,0,1,0.6
0,32,0,0,1,30,1,0,29,30.7,0,0,0,1,0,1,12.9,40.6,2,0,0,90,0,1,6,0,0,0,0,5,0,0,2097946,5,0,1,0,2,58,9,-102178,62416,164594,101,1,1,0,18,3,198,2716,19,571.3,857.4,1193,22,607,262.1,16,0,2,33.2
0,8,0,0,0,3,0,0,7,0.6,1,0,0,0,0,0,0.4,1.4,0,0,0,24,0,0,6,0,0,0,0,0,0,0,68964,1,0,0,0,2,2,1,-2249,592,2841,55,1,0,0,2,1,89,2409,14,356.1,346.6,310,6,375,101.6,15,0,3,1.1
0,46,0,0,0,27,1,1,36,51.8,4,0,0,0,0,1,19.8,57.2,4,0,0,89,0,0,6,0,0,0,0,3,0,0,2179177,8,0,0,0,2,89,8,-113549,25100,138649,132,1,0,0,19,10,224,2912,18,890.3,1040.4,1908,15,592,383.7,18,0,1,34.6
0,19,0,0,0,4,0,3,19,2.6,0,0,0,0,0,0,1.2,9.2,0,0,0,13,0,0,6,0,0,0,0,0,0,0,156967,0,0,0,0,2,0,1,-1699,1150,2849,56,1,0,0,4,5,95,1730,13,717.1,546.6,357,12,427,162.6,9,1,3,2.5
0,86,0,0,0,17,1,2,78,7.8,0,0,0,0,0,0,3.2,16.2,0,0,0,90,0,0,6,0,0,0,0,5,0,0,39929,1,2,0,0,2,8,3,-367,256,623,55,1,0,0,1,2,59,1828,12,274.5,377.4,173,0,276,82.6,10,0,6,0.6
0,42,0,0,0,7,1,1,39,5.4,0,0,0,0,0,0,1.6,4.4,0,0,0,65,0,0,6,0,0,0,0,5,0,0,97127,5,0,1,0,2,6,3,969,1307,338,71,1,0,0,1,1,56,1225,8,179.6,224.8,328,3,190,73.3,8,0,0,1.5
0,45,0,0,0,8,1,0,35,37.2,1,0,0,1,0,0,9.1,15.6,3,0,0,90,2,0,6,0,0,0,0,5,0,0,1072739,5,2,1,0,2,38,2,-14380,43567,57947,93,1,0,0,12,8,158,2516,15,647.7,768,1183,24,644,259.2,18,0,0,17.1
1,10,2,0,0,21,0,1,8,38.3,0,0,0,0,1,0,6.6,25.4,3,0,0,60,0,0,20,0,0,0,0,3,0,0,153829,4,0,0,1,3,2,5,1192,4966,3774,54,1,0,0,7,2,80,1375,21,283.4,392.4,680,11,286,135.6,5,0,1,2.7
0,8,0,0,0,2,0,0,7,3.8,0,0,0,1,0,0,5.2,2.8,0,0,0,14,0,0,3,0,0,0,0,4,0,0,30324,1,0,0,5,0,45,1,-1350,904,2254,47,0,0,0,0,1,13,293,5,72.9,68.4,150,0,38,29.2,0,0,0,0.5
0,14,0,0,0,12,0,0,13,0,0,0,0,0,1,0,1.8,18.4,0,0,0,90,0,0,7,0,0,0,0,7,0,2,1364728,0,0,0,3,1,0,2,1853,33422,31569,56,0,0,0,0,1,140,2970,22,33,473,0,4,591,50.6,16,0,2,21.7
0,0,0,0,0,0,0,0,0,0,0,0,0,0,0,0,0,0,0,0,0,0,0,0,7,0,0,0,0,0,0,0,6735,0,0,0,3,1,0,0,-7,25,32,48,0,0,0,0,0,0,0,0,0,0,0,0,0,0,0,0,0,0.1
0,4,0,0,0,3,0,0,4,0.2,0,0,0,0,0,0,0,0.2,0,0,0,3,0,0,7,0,0,0,0,1,0,0,293532,0,0,0,3,1,0,1,734,2917,2183,52,0,0,0,0,0,73,1663,15,115,353.4,49,7,396,51.7,8,0,1,4.7
0,89,0,0,0,15,0,7,84,1.8,0,0,0,0,1,0,3.3,29,0,0,0,90,0,0,7,0,0,0,0,2,0,0,69975,0,0,0,3,1,2,2,-737,233,970,52,0,0,0,0,0,32,865,6,36.3,216,44,2,189,29.7,3,0,4,1.1
0,0,0,0,0,0,0,0,0,0,0,0,0,0,0,0,0,0,0,0,0,0,0,0,7,0,0,0,0,0,0,0,184222,0,0,0,3,1,0,0,-1468,1176,2644,60,0,0,0,0,0,68,1228,7,53.7,280.2,143,5,329,47.7,9,0,1,2.9
0,56,0,0,0,17,0,7,53,18.1,0,0,0,1,1,0,4.3,20.6,1,0,0,90,0,1,7,0,0,0,0,6,0,0,711951,1,0,0,3,1,4,2,-4471,11373,15844,64,0,0,0,1,1,119,2329,16,336.7,425.4,141,6,556,90.4,14,0,3,11.4
0,0,0,0,0,0,0,0,0,0,0,0,0,0,0,0,0,0,0,0,0,0,0,0,7,0,0,0,0,0,0,0,42907,0,0,0,3,1,0,0,-881,1185,2066,50,0,0,0,1,0,44,802,7,117.8,165,99,7,196,38.2,4,0,1,0.7
0,85,0,0,0,12,0,3,80,9.4,2,0,0,2,1,0,3.6,19.6,0,0,0,90,0,0,7,0,0,0,0,6,0,0,373758,3,0,0,3,1,7,2,2181,4830,2649,61,0,0,0,0,6,59,900,6,222.7,250.8,70,6,262,54.2,4,0,1,6
0,103,0,0,0,16,0,3,97,5.1,1,0,0,0,1,0,2.8,20.8,0,0,0,90,0,0,7,0,0,0,0,8,0,0,746766,0,0,0,3,1,2,2,145714,175738,30024,60,0,0,0,2,2,133,2606,20,184.7,632.4,224,7,612,104.4,14,0,3,12.4
0,0,0,0,0,0,0,0,0,0,0,0,0,0,0,0,0,0,0,0,0,0,0,0,7,0,0,0,0,0,0,0,15936,0,0,0,3,1,0,0,-19,128,147,53,0,0,0,0,1,29,722,9,97.8,153.8,24,2,186,27.5,3,1,1,0.3
0,43,0,1,2,37,0,0,38,6.7,1,0,0,3,1,2,13,64.8,0,0,0,90,1,0,7,0,0,0,0,2,0,0,1217879,4,0,2,3,1,58,14,107767,169792,62025,115,0,1,0,17,13,215,2320,18,836,998.8,1389,25,707,322.5,13,0,2,20.1
0,40,1,0,0,10,1,1,27,50.8,1,0,0,2,0,0,8.6,10.8,4,0,0,64,0,0,7,0,0,0,0,1,0,0,287856,2,0,0,3,1,24,3,-6248,8815,15063,85,0,0,0,6,6,125,2047,13,1026,636.4,995,13,536,265.9,13,0,1,4.5
0,0,0,0,0,0,0,0,0,0,0,0,0,0,0,0,0,0,0,0,0,0,0,0,7,0,0,0,0,0,0,0,188351,0,0,0,3,1,0,0,478,1614,1136,53,0,0,0,1,3,77,2273,15,383,516.4,208,4,426,111,12,0,5,3
2,68,2,0,3,41,0,2,61,81,2,0,0,1,1,0,17.5,63.4,6,0,0,90,0,1,7,0,0,0,0,5,0,0,257530,3,1,2,3,1,31,11,42037,56699,14662,97,0,0,0,2,3,57,919,3,555.5,295.8,291,8,261,114.2,6,0,2,4.4
0,126,0,0,0,18,0,3,116,27.4,4,0,0,1,1,0,4.4,14.8,1,0,0,90,0,0,7,0,0,0,0,11,0,0,150078,0,0,2,3,1,2,2,-3535,3296,6831,55,0,0,0,5,2,90,1681,14,655.3,442.8,399,8,420,149.7,9,0,2,2.4
1,37,1,0,0,23,0,0,29,16.9,3,0,0,0,1,0,12.1,28.2,1,0,0,86,0,0,7,0,0,0,0,5,0,0,462659,4,1,0,3,1,76,5,8824,26538,17714,93,0,0,0,9,12,145,1697,14,613.8,665.8,988,13,489,226.9,8,0,1,7.3
0,24,0,0,0,4,0,1,23,12.7,0,0,0,0,1,0,2,5,1,0,0,25,0,0,7,0,0,0,0,2,0,0,502985,0,0,0,3,1,2,1,-17002,44809,61811,76,0,0,0,6,8,132,2399,21,843.8,661.6,805,14,560,231.4,11,0,3,7.8
0,0,0,0,0,0,0,0,0,0,0,0,0,0,0,0,0,0,0,0,0,0,0,0,7,0,0,0,0,0,0,0,8052,0,0,0,3,1,0,0,84,256,172,45,0,0,0,0,0,13,188,0,109.8,36.8,116,0,58,26.2,1,0,0,0.1
0,0,0,0,0,0,0,0,0,0,0,0,0,0,0,0,0,0,0,0,0,0,0,0,7,0,0,0,0,0,0,0,2470,0,0,0,3,1,0,0,-2,4,6,47,0,0,0,0,0,0,0,0,0,0,0,0,0,0,0,0,0,0
0,0,0,0,0,0,0,0,0,0,0,0,0,0,0,0,0,0,0,0,0,0,0,0,7,0,0,0,0,0,0,0,11919,0,0,0,3,1,0,0,-2997,94,3091,47,0,0,0,0,3,31,701,3,178.3,183.6,42,1,156,40.4,5,0,0,0.2
0,24,0,0,0,7,1,0,18,14.9,0,0,0,0,0,0,3.9,2.2,1,0,0,74,1,0,7,0,0,0,0,3,0,0,2319681,1,1,1,3,1,22,2,124595,222536,97941,117,0,0,0,19,10,177,2046,14,442.5,852.4,1401,23,655,269.5,13,0,4,37.5
0,10,0,0,0,22,0,0,9,1.2,1,0,0,1,1,1,7.9,35.4,0,0,0,15,0,0,7,0,0,0,0,1,0,0,103466,5,0,0,3,1,42,5,4199,7118,2919,99,0,0,0,7,3,77,987,11,298.1,389.2,840,7,260,153,2,0,0,1.6
0,19,0,0,0,16,0,3,7,0,0,0,0,0,1,0,2.3,23.4,0,0,0,90,0,0,19,0,0,0,0,9,0,3,1031715,0,0,0,1,2,0,3,-1458,7134,8592,57,1,0,0,0,0,112,2970,44,0,753.4,0,7,573,75.2,7,0,1,16.4
0,0,0,0,0,0,0,0,0,0,0,0,0,0,0,0,0,0,0,0,0,0,0,0,19,0,0,0,0,0,0,0,4485,0,0,0,1,2,0,0,-7,20,27,49,1,0,0,0,0,0,0,0,0,0,0,0,0,0,0,0,0,0.1
0,33,0,0,0,13,0,4,27,10.8,0,0,0,2,1,0,2.4,8.8,1,0,0,90,0,0,19,0,0,0,0,4,0,0,88303,0,1,1,1,2,4,2,2986,4432,1446,56,1,0,0,1,0,54,1857,28,29.8,399.2,174,3,297,60.3,4,0,1,1.4
0,39,1,0,0,22,0,7,34,10.5,0,0,0,1,1,0,3.9,26.2,1,0,0,90,0,0,19,0,0,0,0,12,0,0,34019,0,1,0,1,2,2,2,214,521,307,51,1,0,0,0,1,41,1081,13,42.8,260.8,38,3,251,34.3,3,0,0,0.5
0,0,0,0,0,0,0,0,0,0,0,0,0,0,0,0,0,0,0,0,0,0,0,0,19,0,0,0,0,0,0,0,404609,0,0,0,1,2,0,0,-71430,1063,72493,50,1,0,0,1,4,81,2321,35,443.5,535.6,273,8,442,125.4,6,0,10,6.1
0,29,0,0,0,11,0,9,20,1.5,0,0,0,1,1,0,4.7,24.6,0,0,0,74,0,0,19,0,0,0,0,2,0,0,4921,0,1,0,1,2,21,2,49,124,75,49,1,0,0,0,0,2,190,5,3,40.8,45,0,15,8.9,0,0,1,0.1
0,0,0,0,0,0,0,0,0,0,0,0,0,0,0,0,0,0,0,0,0,0,0,0,19,0,0,0,0,0,0,0,41379,0,0,0,1,2,0,0,-161,36,197,64,1,0,0,0,0,16,450,5,99.1,59.8,3,1,90,16.2,2,0,2,0.7
0,0,0,0,0,0,0,0,0,0,0,0,0,0,0,0,0,0,0,0,0,0,0,0,19,0,0,0,0,0,0,0,10999,0,0,0,1,2,0,0,-33,18,51,46,1,0,0,0,0,13,361,6,34.3,77.4,7,2,69,11.9,1,0,0,0.2
0,0,0,0,0,0,0,0,0,0,0,0,0,0,0,0,0,0,0,0,0,0,0,0,19,0,0,0,0,0,0,0,557,0,0,0,1,2,0,0,1,1,0,50,1,0,0,0,0,0,0,0,0,0,0,0,0,0,0,0,0,0
0,0,0,0,0,0,0,0,0,0,0,0,0,0,0,0,0,0,0,0,0,0,0,0,19,0,0,0,0,0,0,0,82426,0,0,0,1,2,0,0,-260,15,275,50,1,0,0,0,0,14,566,12,3.1,113.6,8,0,99,12.6,1,1,0,1.3
0,0,0,0,0,0,0,0,0,0,0,0,0,0,0,0,0,0,0,0,0,0,0,0,19,0,0,0,0,0,0,0,388715,0,0,0,1,2,0,0,-7318,19919,27237,50,1,0,0,1,1,80,2248,32,71.8,475.4,96,9,464,64.4,6,0,1,6
0,0,0,0,0,0,0,0,0,0,0,0,0,0,0,0,0,0,0,0,0,0,0,0,19,0,0,0,0,0,0,0,107676,0,0,0,1,2,0,0,-11330,130,11460,57,1,0,0,2,3,67,2163,36,551.3,481.6,114,3,379,114.8,4,1,7,1.7
0,32,0,0,0,9,0,4,19,6.7,1,0,0,1,1,0,3.4,21.4,0,0,0,90,0,1,19,0,0,0,0,8,0,0,12056,1,0,1,1,2,6,2,2445,3657,1212,53,1,0,0,0,2,25,839,12,225.7,153.6,72,0,141,45.1,1,0,3,0.2
0,0,0,0,0,0,0,0,0,0,0,0,0,0,0,0,0,0,0,0,0,0,0,0,19,0,0,0,0,0,0,0,72869,0,0,0,1,2,0,0,-154,49,203,100,1,0,0,1,5,44,784,10,276.1,198.6,295,1,153,76.9,2,0,3,1.2
0,0,0,0,0,0,0,0,0,0,0,0,0,0,0,0,0,0,0,0,0,0,0,0,19,0,0,0,0,0,0,0,41983,0,0,0,1,2,0,0,-143,348,491,50,1,0,0,1,0,54,2205,32,238.3,433,171,2,334,84.3,6,1,6,0.7
1,26,0,0,0,11,0,3,22,33.6,1,0,0,2,1,0,5,14.6,2,0,0,55,0,1,19,0,0,0,0,2,0,0,60118,1,0,0,1,2,2,3,-6,384,390,61,1,0,1,2,4,59,1114,13,369.8,206.4,226,5,234,80.4,5,0,3,1
0,0,0,0,0,0,0,0,0,0,0,0,0,0,0,0,0,0,0,0,0,0,0,0,19,0,0,0,0,0,0,0,26839,0,0,0,1,2,0,0,-71,0,71,48,1,0,0,0,2,26,746,14,65.6,172.2,145,0,119,38.1,1,0,1,0.4
0,0,0,0,0,0,0,0,0,0,0,0,0,0,0,0,0,0,0,0,0,0,0,0,19,0,0,0,0,0,0,0,32966,0,0,0,1,2,0,0,-2792,67,2859,50,1,0,0,2,3,60,1270,16,215.8,381,224,6,282,82.2,5,0,3,0.5
0,20,0,0,0,10,0,3,18,5.3,0,0,0,1,1,0,2.3,13.2,0,0,0,90,1,0,19,0,0,0,0,4,0,0,176277,2,3,0,1,2,4,2,-1283,2282,3565,67,1,0,0,4,3,75,1485,22,271.6,294.2,372,5,254,93.7,3,0,2,2.8
1,28,0,0,0,16,0,1,19,12.6,2,0,0,1,1,0,3.6,5.6,1,0,0,90,1,0,19,0,0,0,0,6,0,0,250538,3,1,1,1,2,18,5,19647,32314,12667,72,1,0,0,10,4,118,1471,20,471.4,516.8,701,13,374,168.7,5,0,2,4
0,64,0,0,3,51,0,5,50,13.6,1,0,0,1,1,2,17.9,91.8,1,0,0,90,0,0,19,0,0,0,0,12,0,0,2208829,3,0,0,1,2,74,15,-118824,50615,169439,87,1,1,0,13,10,170,2557,33,691.8,1034.8,1156,19,599,288.6,8,0,5,35.4
0,0,0,0,0,0,0,0,0,0,0,0,0,0,0,0,0,0,0,0,0,0,0,0,19,0,0,0,0,0,0,0,61679,0,0,0,1,2,0,0,4937,7872,2935,42,1,0,0,1,0,26,628,13,18.3,117.2,92,2,107,22.7,1,0,0,1
0,56,0,0,0,10,0,0,51,3.6,1,0,1,4,1,0,1.6,3,0,0,0,90,0,0,19,0,0,0,0,15,0,0,73088,2,0,1,1,2,9,2,82,451,369,53,1,0,0,1,2,37,904,15,188.3,168,86,3,163,44.4,1,0,2,1.2
0,5,0,1,0,-1,0,0,4,2.4,0,0,0,0,0,0,3.5,3,0,0,0,35,1,0,19,0,0,0,0,1,0,0,1478011,1,1,1,1,2,30,1,-11942,77132,89074,74,1,0,0,10,7,118,1921,25,415.5,591.6,897,14,385,189.6,6,1,3,23.7
0,18,0,0,0,5,0,0,16,23.1,0,0,0,0,1,0,4.2,4.4,2,0,0,74,0,0,19,0,0,0,0,0,0,0,278674,3,0,0,1,2,14,2,12724,23033,10309,108,1,0,0,12,1,110,1928,33,317.4,540.8,1019,14,355,187.9,4,0,4,4.4
0,0,0,0,0,0,0,0,0,0,0,0,0,0,0,0,0,0,0,0,0,0,0,0,11,0,0,0,0,0,0,0,9249,0,0,0,1,0,0,0,-35,19,54,43,0,0,0,0,0,0,0,0,0,0,0,0,0,0,0,0,0,0.1
0,0,0,0,0,0,0,0,0,0,0,0,0,0,0,0,0,0,0,0,0,0,0,0,11,0,0,0,0,0,0,0,3521,0,0,0,1,0,0,0,-19,12,31,44,0,0,0,0,0,0,0,0,0,0,0,0,0,0,0,0,0,0.1
0,20,0,0,2,31,1,1,8,0,0,0,0,0,0,0,4.2,41.6,0,0,0,90,0,0,11,0,0,0,0,10,0,5,56217,0,0,0,1,0,0,9,-5585,617,6202,50,0,0,0,0,0,119,3060,43,0,718.8,0,10,583,71.9,10,0,1,0.9
0,0,0,0,0,0,0,0,0,0,0,0,0,0,0,0,0,0,0,0,0,0,0,0,11,0,0,0,0,0,0,0,66271,0,0,0,1,0,0,0,-6035,811,6846,45,0,0,0,1,2,63,2472,41,406.3,436.4,113,1,325,95.8,5,1,6,1
0,0,0,0,0,0,0,0,0,0,0,0,0,0,0,0,0,0,0,0,0,0,0,0,11,0,0,0,0,0,0,0,10572,0,0,0,1,0,0,0,-40,31,71,45,0,0,0,3,0,42,857,15,25,293.2,105,4,194,42.6,2,0,1,0.2
0,20,0,0,1,24,1,11,16,0.4,0,0,0,0,0,0,4.2,22.4,0,0,0,90,0,0,11,0,0,0,0,4,0,0,198747,0,0,0,1,0,19,7,-10589,1041,11630,47,0,0,0,0,1,86,2475,32,46.8,569.8,109,8,485,72.9,9,0,4,3.2
0,32,0,0,0,23,1,5,19,0.8,0,0,0,0,0,0,1.2,11.4,0,0,0,90,0,0,11,0,0,0,0,4,0,0,8730,0,1,0,1,0,0,6,-232,111,343,44,0,0,0,0,0,57,1636,22,80.6,342,53,3,305,47.5,6,0,0,0.1
0,0,0,0,0,0,0,0,0,0,0,0,0,0,0,0,0,0,0,0,0,0,0,0,11,0,0,0,0,0,0,0,7023,0,0,0,1,0,0,0,-5004,74,5078,44,0,0,0,0,0,35,1054,13,82.5,211.6,59,0,209,35.3,4,0,0,0.1
0,24,0,0,0,23,1,7,15,4.5,0,0,0,0,0,0,1.7,12.4,0,0,0,90,1,1,11,0,0,0,0,9,0,0,15633,0,1,0,1,0,0,5,-686,42,728,43,0,0,1,0,2,45,828,11,91.5,174,9,5,192,27.6,4,0,2,0.2
0,0,0,0,0,0,0,0,0,0,0,0,0,0,0,0,0,0,0,0,0,0,0,0,11,0,0,0,0,0,0,0,5997,0,0,0,1,0,0,0,-15,8,23,40,0,0,0,0,0,0,0,0,0,0,0,0,0,0,0,0,0,0.1
1,33,0,0,0,22,1,7,20,19.3,1,0,0,1,0,0,5.5,33.4,1,0,0,90,0,1,11,0,0,0,0,7,0,0,36548,0,0,0,1,0,2,6,-3340,589,3929,58,0,0,0,2,5,91,2567,35,816.6,577.6,406,5,409,180.1,9,0,8,0.6
0,0,0,0,0,0,0,0,0,0,0,0,0,0,0,0,0,0,0,0,0,0,0,0,11,0,0,0,0,0,0,0,21599,0,0,0,1,0,0,0,-40,41,81,53,0,0,0,0,1,26,780,13,326.9,171.8,126,0,125,62.5,3,0,1,0.3
0,7,0,0,0,2,0,1,6,0.5,0,0,0,1,0,0,0.2,1,0,0,0,8,0,0,11,0,0,0,0,1,0,0,4480,0,0,0,1,0,0,1,-136,17,153,48,0,0,0,0,0,52,2060,32,76.6,292,170,0,196,54.1,6,0,3,0.1
0,2,0,0,0,3,0,0,0,0,0,0,0,0,0,0,0.2,0,0,0,0,12,0,0,11,0,0,0,0,1,0,0,5109,0,0,0,1,0,2,1,-98,27,125,51,0,0,0,0,0,39,1220,14,236,168.4,245,0,121,64.9,5,0,2,0.1
0,0,0,0,0,0,0,0,0,0,0,0,0,0,0,0,0,0,0,0,0,0,0,0,11,0,0,0,0,0,0,0,2060,0,0,0,1,0,0,0,-10,0,10,47,0,0,0,0,1,16,296,8,31.1,53.6,22,0,50,10.7,1,0,0,0
0,0,0,0,0,0,0,0,0,0,0,0,0,0,0,0,0,0,0,0,0,0,0,0,11,0,0,0,0,0,0,0,78,0,0,0,1,0,0,0,-1,0,1,50,0,0,0,0,0,0,0,0,0,0,0,0,0,0,0,0,0,0
0,31,0,0,0,16,1,4,24,10.3,0,0,0,1,0,0,2.8,16.6,1,0,0,90,0,0,11,0,0,0,0,9,0,0,107020,2,3,1,1,0,1,3,-21771,213,21984,44,0,0,0,1,3,56,1532,20,246.1,340,185,4,248,77.2,6,1,3,1.6
0,25,0,0,0,8,1,2,19,14.9,1,0,0,3,0,0,2.5,10,1,0,0,81,0,0,11,0,0,0,0,7,0,0,5114,1,2,0,1,0,0,2,-8,38,46,47,0,0,1,0,1,33,1101,15,235.7,147.4,36,1,171,41.9,4,0,2,0.1
0,0,0,0,0,0,0,0,0,0,0,0,0,0,0,0,0,0,0,0,0,0,0,0,11,0,0,0,0,0,0,0,3289,0,0,0,1,0,0,0,0,5,5,60,0,0,0,0,0,0,0,0,0,0,0,0,0,0,0,0,0,0.1
0,20,0,1,3,34,1,4,14,14.7,3,0,0,0,0,1,14.1,48,1,0,0,90,0,0,11,0,0,0,0,6,0,0,78242,3,0,1,1,0,78,9,-4950,808,5758,61,0,1,0,7,2,108,2614,31,559.5,606,759,13,402,192.5,10,0,2,1.3
0,0,0,0,0,0,0,0,0,0,0,0,0,0,0,0,0,0,0,0,0,0,0,0,11,0,0,0,0,0,0,0,137954,0,0,0,1,0,0,0,-1932,671,2603,47,0,0,0,2,0,30,586,15,35.9,121.4,290,3,89,44.6,1,0,1,2.2
0,0,0,0,0,0,0,0,0,0,0,0,0,0,0,0,0,0,0,0,0,0,0,0,20,0,0,0,0,0,0,0,136015,0,0,0,1,3,0,0,-3807,1598,5405,43,1,0,0,0,0,73,2250,44,0,585.2,0,6,414,58.6,4,0,1,2.1
0,0,0,0,0,0,0,0,0,0,0,0,0,0,0,0,0,0,0,0,0,0,0,0,20,0,0,0,0,0,0,0,37676,0,0,0,1,3,0,0,-46,243,289,42,1,0,0,0,0,0,0,0,0,0,0,0,0,0,0,0,0,0.6
0,21,0,0,0,4,0,7,10,0.3,0,0,0,1,1,0,2.1,19,0,0,0,90,0,0,20,0,0,0,0,1,0,0,124482,1,0,0,1,3,2,1,4703,7013,2310,48,1,0,1,1,0,49,1710,31,314.5,284.2,104,1,255,70,6,0,8,2.1
1,21,1,2,0,18,0,7,14,10.5,1,0,0,0,1,0,9.3,41.4,1,0,0,90,0,0,20,0,0,0,0,5,0,0,44791,0,1,2,1,3,41,5,6328,9027,2699,41,1,0,0,0,1,41,1338,25,56.5,325.8,155,4,248,53.8,3,0,0,1
0,0,0,0,0,0,0,0,0,0,0,0,0,0,0,0,0,0,0,0,0,0,0,0,20,0,0,0,0,0,0,0,134804,0,0,0,1,3,0,0,-1338,4,1342,42,1,0,0,1,2,52,1493,31,226.5,309,103,7,273,63.9,4,0,4,2.1
0,3,0,0,0,2,0,0,2,0.3,1,0,0,0,0,0,0.3,1,0,0,0,6,0,0,20,0,0,0,0,1,0,0,18599,2,0,0,1,3,2,1,-549,106,655,42,1,0,0,1,0,41,1292,25,63.1,318.8,141,4,230,52.3,3,0,4,0.3
0,0,0,0,0,0,0,0,0,0,0,0,0,0,0,0,0,0,0,0,0,0,0,0,20,0,0,0,0,0,0,0,28743,0,0,0,1,3,0,0,-105,4,109,40,1,0,0,0,0,0,0,0,0,0,0,0,0,0,0,0,0,0.5
0,23,0,1,0,13,0,16,15,0.3,0,0,0,1,1,0,6.9,35.4,0,0,0,90,0,0,20,0,0,0,0,4,0,0,426564,0,1,0,1,3,33,2,4960,30670,25710,40,1,0,0,0,1,43,1700,26,84.7,517.6,49,3,290,65.4,3,0,6,6.9
0,0,0,0,0,0,0,0,0,0,0,0,0,0,0,0,0,0,0,0,0,0,0,0,20,0,0,0,0,0,0,0,10449,0,0,0,1,3,0,0,-56,2,58,42,1,0,0,0,0,29,1170,24,20,283.6,41,3,206,34.7,4,0,2,0.2
0,0,0,0,0,0,0,0,0,0,0,0,0,0,0,0,0,0,0,0,0,0,0,0,20,0,0,0,0,0,0,0,2821,0,0,0,1,3,0,0,-10,0,10,46,1,0,0,0,1,9,97,4,41.6,38.8,2,2,39,8.2,0,0,0,0
0,35,1,0,0,10,0,3,25,1.8,0,0,0,2,1,0,1.2,9.8,1,0,0,90,0,0,20,0,0,0,0,5,0,0,228790,2,0,0,1,3,0,2,33557,75847,42290,51,1,0,0,6,0,79,1557,31,560.7,488.4,295,13,317,134.3,3,0,3,3.6
0,7,1,0,0,8,0,1,5,10.6,0,0,0,0,0,0,3.8,7.4,1,0,0,29,0,0,20,0,0,0,0,1,0,0,143726,0,1,1,1,3,20,1,-1692,7598,9290,42,1,0,0,1,0,50,1825,31,129,409.6,114,3,246,65.4,5,0,7,2.3
0,45,0,0,0,12,0,3,30,1.7,0,0,0,2,1,0,1.4,9.2,0,0,0,90,0,0,20,0,0,0,0,15,0,0,175237,1,2,1,1,3,3,2,22891,44764,21873,44,1,0,0,4,2,76,2310,48,389.3,518.8,392,7,394,130.6,4,2,7,2.9
0,0,0,0,0,0,0,0,0,0,0,0,0,0,0,0,0,0,0,0,0,0,0,0,20,0,0,0,0,0,0,0,309,0,0,0,1,3,0,0,0,1,1,55,1,0,0,0,0,0,0,0,0,0,0,0,0,0,0,0,0,0
1,11,1,1,0,14,0,1,11,13.9,1,0,0,1,1,0,3.5,14.2,1,0,0,60,0,0,20,0,0,0,0,7,0,0,2438,2,0,2,1,3,7,5,-3,39,42,44,1,0,0,0,1,8,134,3,18.1,21.8,36,0,23,7.6,0,0,0,0
0,22,0,0,3,47,0,3,17,4.6,4,0,0,1,1,2,16.1,81.4,0,0,0,90,0,0,20,0,0,0,0,5,0,0,131924,3,0,0,1,3,75,15,8997,23880,14883,53,1,1,0,5,4,117,2867,48,637.4,546.8,707,9,367,188.7,9,0,3,3.1
0,0,0,0,0,0,0,0,0,0,0,0,0,0,0,0,0,0,0,0,0,0,0,0,20,0,0,0,0,0,0,0,9424,0,0,0,1,3,0,0,-31,14,45,47,1,0,0,0,2,40,1477,32,169.8,257.4,172,1,223,60,4,0,5,0.1
0,0,0,0,0,0,0,0,0,0,0,0,0,0,0,0,0,0,0,0,0,0,0,0,20,0,0,0,0,0,0,0,15109,0,0,0,1,3,0,0,-451,159,610,51,1,0,0,3,3,65,1235,23,346.9,267.4,343,3,227,95.6,4,0,2,0.2
0,0,0,0,0,0,0,0,0,0,0,0,0,0,0,0,0,0,0,0,0,0,0,0,20,0,0,0,0,0,0,0,7734,0,0,0,1,3,0,0,-22,27,49,60,1,0,0,0,0,26,695,7,221.2,80.6,208,0,82,50.9,4,0,0,0.1
0,9,0,0,1,25,0,0,4,1.2,0,0,0,2,0,1,6.5,31.2,0,0,0,29,0,0,20,0,0,0,0,2,0,0,127155,0,0,0,1,3,33,6,10382,15721,5339,46,1,0,0,3,2,50,947,17,132.3,173.4,323,4,144,62.9,1,0,2,2.4
0,0,0,0,0,0,0,0,0,0,0,0,0,0,0,0,0,0,0,0,0,0,0,0,20,0,0,0,0,0,0,0,27977,0,0,0,1,3,0,0,-684,308,992,55,1,0,0,2,2,44,954,17,114.7,156.2,402,1,118,67,5,0,1,0.4
0,0,0,0,0,0,0,0,0,0,0,0,0,0,0,0,0,0,0,0,0,0,0,0,20,0,0,0,0,0,0,0,7846,0,0,0,1,3,0,0,-24,1,25,56,1,0,0,1,0,23,468,12,72.7,74.4,167,3,56,30.8,0,0,0,0.1
0,0,0,0,0,0,0,0,0,0,0,0,0,0,0,0,0,0,0,0,0,0,0,0,20,0,0,0,0,0,0,0,294,0,0,0,1,3,0,0,1,2,1,55,1,0,0,0,0,0,0,0,0,0,0,0,0,0,0,0,0,0
0,14,0,0,0,21,1,0,12,0,0,0,0,0,0,0,0.6,6.4,0,0,0,90,0,0,10,0,0,0,0,3,0,1,378125,0,0,0,0,4,0,6,56975,75456,18481,54,1,0,0,0,0,129,2610,29,0,711,0,10,602,71.2,11,0,0,6.1
0,0,0,0,0,0,0,0,0,0,0,0,0,0,0,0,0,0,0,0,0,0,0,0,10,0,0,0,0,0,0,0,5551,0,0,0,0,4,0,0,-9,6,15,47,1,0,0,0,0,5,180,4,0,66.8,0,1,36,6.6,0,0,0,0.1
0,0,0,0,0,0,0,0,0,0,0,0,0,0,0,0,0,0,0,0,0,0,0,0,10,0,0,0,0,0,0,0,233006,0,0,0,0,4,0,0,12367,17194,4827,60,1,0,0,0,0,94,2529,27,91.6,586.6,210,5,570,88.7,11,0,2,3.7
0,3,0,0,0,2,0,0,3,0,0,0,0,1,0,0,0,0,0,0,0,5,0,0,10,0,0,0,0,0,0,0,70816,0,0,0,0,4,0,1,7656,10085,2429,58,1,0,0,0,4,75,1515,14,350.7,291.2,191,5,299,83.3,7,0,5,1.1
0,112,0,0,0,25,1,5,103,7,1,0,0,1,0,0,3.1,24,0,0,0,84,0,0,10,0,0,0,0,5,0,0,268991,1,1,0,0,4,0,5,18650,25184,6534,59,1,0,1,1,0,59,1731,22,97.4,402.2,134,6,355,63.3,5,1,2,4.4
0,56,0,0,0,24,1,4,50,24.3,0,0,0,1,0,0,7.3,12.4,1,0,0,90,0,2,10,0,0,0,0,2,0,0,104039,1,0,1,0,4,36,6,2396,3165,769,56,1,0,0,0,0,58,1551,21,249.2,324.2,138,4,307,71.4,6,0,2,1.7
0,0,0,0,0,0,0,0,0,0,0,0,0,0,0,0,0,0,0,0,0,0,0,0,10,0,0,0,0,0,0,0,1017223,0,0,0,0,4,0,0,99558,123841,24283,60,1,0,0,1,5,107,2095,22,764.1,560.2,121,13,534,144.6,9,0,2,16.2
0,49,0,0,1,32,1,0,45,58.6,1,0,0,0,0,0,8.3,18.8,4,0,0,90,1,3,10,0,0,0,0,4,0,0,40545,0,0,0,0,4,6,7,-145,1184,1329,42,1,0,0,0,3,27,284,2,101.5,99.8,15,4,101,21.5,2,0,1,0.7
0,91,0,0,0,25,1,3,85,2,0,0,0,2,0,0,6.8,16.6,0,0,0,90,0,0,10,0,0,0,0,6,0,0,101264,0,0,0,0,4,49,6,440,1221,781,58,1,0,0,1,2,72,1671,19,38,388.4,179,4,368,60.8,6,0,2,1.6
0,0,0,0,0,0,0,0,0,0,0,0,0,0,0,0,0,0,0,0,0,0,0,0,10,0,0,0,0,0,0,0,33035,0,0,0,0,4,0,0,-166,6,172,57,1,0,0,0,2,24,562,9,108.4,151.6,45,0,116,30.5,2,0,1,0.5
0,0,0,0,0,0,0,0,0,0,0,0,0,0,0,0,0,0,0,0,0,0,0,0,10,0,0,0,0,0,0,0,59650,0,0,0,0,4,0,0,-539,22,561,47,1,0,0,2,0,43,1219,14,117.3,259.2,79,1,206,45.7,5,0,3,0.9
0,0,0,0,0,0,0,0,0,0,0,0,0,0,0,0,0,0,0,0,0,0,0,0,10,0,0,0,0,0,0,0,43565,0,0,0,0,4,0,0,-65,2,67,49,1,0,0,0,0,14,512,6,17.5,51,1,0,74,7.1,1,0,1,0.7
0,0,0,0,0,0,0,0,0,0,0,0,0,0,0,0,0,0,0,0,0,0,0,0,10,0,0,0,0,0,0,0,22137,0,0,0,0,4,0,0,-582,30,612,59,1,0,0,4,2,58,889,10,302.5,254.6,435,4,201,98.8,4,0,2,0.3
1,77,0,0,0,24,1,2,51,77.3,1,0,0,2,0,0,16.8,34.6,6,0,0,90,0,2,10,0,0,0,0,8,0,0,518583,2,1,1,0,4,56,6,175437,198449,23012,93,1,0,0,6,12,141,2320,32,997.2,749.4,639,15,584,238.9,7,0,2,8.4
0,0,0,0,0,0,0,0,0,0,0,0,0,0,0,0,0,0,0,0,0,0,0,0,10,0,0,0,0,0,0,0,150536,0,0,0,0,4,0,0,-481,6408,6889,88,1,0,0,5,3,82,1445,18,326.7,404.8,568,8,297,130,7,0,3,2.4
0,71,0,0,2,38,1,0,63,4.5,2,0,0,1,0,1,8.8,45,0,0,0,90,0,0,10,0,0,0,0,11,0,0,2642,4,4,1,0,4,38,10,23,60,37,49,1,1,0,1,0,19,306,1,13.1,69.2,59,2,75,14.2,2,0,0,0.1
1,2,0,0,0,13,0,0,2,13.3,0,0,0,0,0,0,3.1,17.2,1,0,0,3,0,0,10,0,0,0,0,0,0,0,1327447,0,0,0,0,4,0,4,476728,499566,22838,87,1,0,0,12,8,154,1721,20,426.7,656.2,818,17,480,190,9,0,2,21.7
0,0,0,0,0,0,0,0,0,0,0,0,0,0,0,0,0,0,0,0,0,0,0,0,10,0,0,0,0,0,0,0,9978,0,0,0,0,4,0,0,171,429,258,55,1,0,0,1,0,53,1589,17,168.6,268.2,71,3,275,50.7,6,0,4,0.2
1,57,0,0,0,22,1,0,55,16.1,3,0,0,1,0,0,4.2,21.2,1,0,0,73,0,0,10,0,0,0,0,4,0,0,21805,2,0,1,0,4,5,6,858,2020,1162,49,1,0,0,0,3,72,2158,26,353.9,313.4,187,3,371,85.4,10,0,1,0.4
0,47,0,0,3,65,1,1,41,4.9,2,0,0,0,0,3,18.7,114.2,0,0,0,90,0,0,10,0,0,0,0,4,0,0,353617,2,0,0,0,4,68,21,25989,31783,5794,67,1,0,0,10,2,119,1701,14,321.5,513.2,547,8,313,137.8,12,0,3,7.3
1,36,1,1,0,13,1,0,25,37.8,1,0,0,0,0,0,11.3,14,3,0,0,86,0,0,10,0,0,0,0,1,0,0,51134,2,0,4,0,4,61,5,9213,13217,4004,51,1,0,0,1,4,35,479,5,158.8,119.8,264,3,86,53.9,1,0,2,0.9
0,0,0,0,0,0,0,0,0,0,0,0,0,0,0,0,0,0,0,0,0,0,0,0,10,0,0,0,0,0,0,0,878129,0,0,0,0,4,0,0,-55645,135916,191561,126,1,0,0,17,6,160,2423,31,430,824.6,1359,24,561,261.3,9,0,5,13.2
0,0,0,0,0,0,0,0,0,0,0,0,0,0,0,0,0,0,0,0,0,0,0,0,1,0,0,0,0,0,0,0,16367,0,0,0,1,0,0,0,-1,80,81,42,1,0,0,0,0,0,0,0,0,0,0,0,0,0,0,0,0,0.3
0,0,0,0,0,0,0,0,0,0,0,0,0,0,0,0,0,0,0,0,0,0,0,0,1,0,0,0,0,0,0,0,3421,0,0,0,1,0,0,0,1,14,13,43,1,0,0,0,0,0,0,0,0,0,0,0,0,0,0,0,0,0.1
0,0,0,0,0,0,0,0,0,0,0,0,0,0,0,0,0,0,0,0,0,0,0,0,1,0,0,0,0,0,0,0,5372,0,0,0,1,0,0,0,-19,0,19,42,1,0,0,0,0,0,0,0,0,0,0,0,0,0,0,0,0,0.1
0,33,0,0,0,17,0,9,27,1,0,0,0,0,1,0,4.7,27.2,0,0,0,90,0,0,1,0,0,0,0,4,0,0,137636,0,1,0,1,0,19,2,11945,22760,10815,45,1,0,0,3,0,88,2699,43,24,657,260,5,489,94.3,6,0,2,2.8
0,0,0,0,0,0,0,0,0,0,0,0,0,0,0,0,0,0,0,0,0,0,0,0,1,0,0,0,0,0,0,0,3641,0,0,0,1,0,0,0,3,19,16,42,1,0,0,0,0,1,13,0,0,0,0,0,2,0,0,0,0,0.1
0,0,0,0,0,0,0,0,0,0,0,0,0,0,0,0,0,0,0,0,0,0,0,0,1,0,0,0,0,0,0,0,588546,0,0,0,1,0,0,0,-20860,18975,39835,48,1,0,0,3,7,96,2165,32,517,612,152,10,423,128.3,5,0,11,8.8
0,0,0,0,0,0,0,0,0,0,0,0,0,0,0,0,0,0,0,0,0,0,0,0,1,0,0,0,0,0,0,0,2427,0,0,0,1,0,0,0,3,39,36,43,1,0,0,0,0,3,184,5,0.3,28.4,0,0,22,2.9,0,0,0,0
0,15,0,0,0,10,0,9,10,10.2,0,0,0,1,1,0,4.1,21.2,1,0,0,90,0,0,1,0,0,0,0,1,0,0,16329,0,0,0,1,0,10,2,14,170,156,44,1,0,0,0,0,33,1401,24,23,312.4,179,1,181,51.4,3,1,1,0.3
0,36,0,0,0,15,0,7,28,18.4,2,0,0,1,1,0,5.2,23.4,1,0,0,90,0,1,1,0,0,0,0,9,0,0,18908,2,0,0,1,0,10,2,265,737,472,49,1,0,0,0,1,43,1430,21,199.9,318.4,98,4,250,61.8,3,0,3,0.3
0,0,0,0,0,0,0,0,0,0,0,0,0,0,0,0,0,0,0,0,0,0,0,0,1,0,0,0,0,0,0,0,42870,0,0,0,1,0,0,0,927,3933,3006,42,1,0,0,0,0,52,1642,25,26.9,352.8,75,2,289,45.5,5,0,3,0.7
0,20,0,0,0,2,0,1,13,1.8,0,0,0,0,1,0,0.9,5.2,0,0,0,58,0,0,1,0,0,0,0,1,0,0,48064,1,0,0,1,0,2,1,3036,12081,9045,42,1,0,0,1,1,61,1638,30,198.6,350.4,71,6,340,61.9,4,0,1,0.9
0,0,0,0,0,0,0,0,0,0,0,0,0,0,0,0,0,0,0,0,0,0,0,0,1,0,0,0,0,0,0,0,2811,0,0,0,1,0,0,0,-8,2,10,42,1,0,0,0,0,0,0,0,0,0,0,0,0,0,0,0,0,0
0,0,0,0,0,0,0,0,0,0,0,0,0,0,0,0,0,0,0,0,0,0,0,0,1,0,0,0,0,0,0,0,3074,0,0,0,1,0,0,0,-8,13,21,42,1,0,0,0,0,1,83,2,5.3,15,2,0,8,2.2,0,0,0,0
0,23,0,0,0,5,0,2,19,1.2,0,0,0,2,1,0,0.8,5.6,0,0,0,85,0,0,1,0,0,0,0,4,0,0,4088,0,0,1,1,0,1,2,88,230,142,43,1,0,0,0,1,23,799,16,62.9,166.8,27,1,138,25.8,2,0,4,0.1
0,0,0,0,0,0,0,0,0,0,0,0,0,0,0,0,0,0,0,0,0,0,0,0,1,0,0,0,0,0,0,0,6015,0,0,0,1,0,0,0,-63,12,75,44,1,0,0,0,0,7,192,4,14.9,25.2,31,0,26,7.2,0,0,2,0.1
0,0,0,0,0,0,0,0,0,0,0,0,0,0,0,0,0,0,0,0,0,0,0,0,1,0,0,0,0,0,0,0,1570,0,0,0,1,0,0,0,-95,5,100,50,1,0,0,1,0,24,447,6,31.5,94.8,40,2,83,16.7,3,0,2,0
0,55,0,0,0,11,0,2,46,2.8,1,0,0,1,1,0,2.3,13.6,0,0,0,90,0,0,1,0,0,0,0,12,0,0,29500,1,0,0,1,0,7,1,-248,942,1190,48,1,0,1,1,3,75,2584,40,196.2,576.4,140,8,440,91.3,8,1,10,0.5
0,48,0,0,0,9,0,0,37,12.3,1,0,0,1,1,0,2.2,7.4,1,0,0,90,0,0,1,0,0,0,0,7,0,0,135715,4,1,0,1,0,2,2,46114,68315,22201,59,1,0,0,5,6,113,2611,45,437.6,662.8,575,13,489,167.6,5,0,4,2.7
0,0,0,0,0,0,0,0,0,0,0,0,0,0,0,0,0,0,0,0,0,0,0,0,1,0,0,0,0,0,0,0,544363,0,0,0,1,0,0,0,-254,14723,14977,60,1,0,0,6,4,114,2457,43,420,404,649,13,385,147.6,6,0,3,8.7
0,36,0,0,0,6,0,6,32,15.9,0,0,0,5,1,0,6.6,10.2,1,0,0,90,0,0,1,0,0,0,0,5,0,0,37508,1,1,2,1,0,40,1,4350,8400,4050,49,1,0,1,2,4,76,2024,32,342,377.6,337,5,269,105.6,6,0,5,0.7
0,20,0,0,0,3,0,2,15,13.9,3,0,0,1,2,0,4.5,5,1,0,0,83,1,0,9,0,0,0,0,1,0,0,1085529,3,0,0,0,2,26,1,-14088,33283,47371,65,0,0,1,12,2,140,2474,36,306.8,649.4,1070,12,360,201.5,10,1,5,16.5
0,0,0,0,0,0,0,0,0,0,0,0,0,0,0,0,0,0,0,0,0,0,0,0,1,0,0,0,0,0,0,0,323374,0,0,0,1,0,0,0,-6299,63963,70262,57,1,0,0,7,5,106,1662,21,367.6,417,566,7,280,134.7,8,0,2,4.9
0,10,0,1,0,2,0,0,4,1,1,0,0,0,1,0,6.9,6,0,0,0,90,1,0,1,0,0,0,0,0,0,0,34606,1,0,0,1,0,62,2,191,902,711,59,1,0,0,5,2,62,1063,18,156.6,256.4,506,5,193,91.1,3,0,2,1.1
0,7,0,0,0,-6,0,0,3,11,0,0,0,1,1,0,1.1,0,1,0,0,10,0,0,1,0,0,0,0,1,1,0,375339,0,0,0,1,0,4,-2,66354,105568,39214,59,1,0,0,9,5,112,2370,37,514.2,597.8,913,13,406,201.8,5,1,4,5.7
0,0,0,0,0,0,0,0,0,0,0,0,0,0,0,0,0,0,0,0,0,0,0,0,1,0,0,0,0,0,0,0,3397,0,0,0,1,0,0,0,-11,4,15,50,1,0,0,0,0,1,22,1,24.7,3.2,26,0,-1,5.2,0,0,1,0.1
0,0,0,0,0,0,0,0,0,0,0,0,0,0,0,0,0,0,0,0,0,0,0,0,1,0,0,0,0,0,0,0,23607,0,0,0,1,0,0,0,-461,766,1227,44,1,0,0,0,0,0,0,0,0,0,0,0,0,0,0,0,0,0.4
0,0,0,0,0,0,0,0,0,0,0,0,0,0,0,0,0,0,0,0,0,0,0,0,14,0,0,0,0,0,0,0,18910,0,0,0,1,2,0,0,-203,55,258,42,0,0,0,0,0,0,0,0,0,0,0,0,0,0,0,0,0,0.3
0,24,0,0,0,12,0,0,9,0,0,0,0,0,2,0,1.4,13.6,0,0,0,90,0,0,14,0,0,0,0,7,0,2,961474,0,0,0,1,2,0,1,-104727,1228,105955,48,0,0,0,0,0,122,3060,52,10,1021.2,0,13,649,103,5,0,0,15
0,0,0,0,0,0,0,0,0,0,0,0,0,0,0,0,0,0,0,0,0,0,0,0,14,0,0,0,0,0,0,0,1046,0,0,0,1,2,0,0,8,23,15,44,0,0,0,0,0,0,0,0,0,0,0,0,0,0,0,0,0,0
0,0,0,0,0,0,0,0,0,0,0,0,0,0,0,0,0,0,0,0,0,0,0,0,14,0,0,0,0,0,0,0,35815,0,0,0,1,2,0,0,-1040,166,1206,50,0,0,0,0,1,34,1588,26,290.9,318.2,113,0,257,72.3,1,0,1,0.6
0,40,0,0,0,20,0,10,34,10.8,1,0,0,0,2,0,4.8,35.2,1,0,0,90,0,0,14,0,0,0,0,4,0,0,55384,0,1,0,1,2,2,1,-5541,519,6060,42,0,0,0,1,1,46,1776,34,53.8,458.8,164,2,306,67.7,2,0,2,0.9
0,0,0,0,0,0,0,0,0,0,0,0,0,0,0,0,0,0,0,0,0,0,0,0,14,0,0,0,0,0,0,0,1233,0,0,0,1,2,0,0,0,1,1,45,0,0,0,0,0,0,0,0,0,0,0,0,0,0,0,0,0,0
0,32,0,0,0,11,0,6,23,2.3,0,0,0,1,1,0,3.9,19.4,0,0,0,75,0,0,14,0,0,0,0,5,0,0,111887,0,0,0,1,2,17,2,-3060,209,3269,43,0,0,0,0,1,53,1935,32,144.9,414.2,104,4,330,66.5,4,0,4,1.8
0,57,0,0,1,23,0,2,50,2.3,2,0,0,0,2,0,3.1,16.2,0,0,0,90,0,0,14,0,0,0,0,9,0,0,307932,1,4,0,1,2,12,2,-58676,2057,60733,46,0,0,0,2,0,84,2745,44,169,558.4,209,9,540,93.6,5,0,3,4.8
0,0,0,0,0,0,0,0,0,0,0,0,0,0,0,0,0,0,0,0,0,0,0,0,14,0,0,0,0,0,0,0,5069,0,0,0,1,2,0,0,-16,2,18,42,0,0,0,0,0,0,0,0,0,0,0,0,0,0,0,0,0,0.1
0,15,0,0,0,-4,0,1,10,0.6,0,0,0,1,1,0,0,0,0,0,0,14,0,0,14,0,1,0,0,0,0,0,11283,0,0,0,1,2,0,0,-442,37,479,45,0,0,1,0,0,18,879,16,71,168.8,37,2,101,27.9,1,0,4,0.2
0,0,0,0,0,0,0,0,0,0,0,0,0,0,0,0,0,0,0,0,0,0,0,0,14,0,0,0,0,0,0,0,87334,0,0,0,1,2,0,0,-17630,471,18101,43,0,0,0,1,0,69,2700,42,51.7,630,138,2,487,82,5,0,4,1.3
0,56,0,0,0,15,0,1,50,7,4,0,0,0,2,0,3.3,22.6,0,0,0,90,0,1,14,0,0,0,0,10,0,0,93533,2,0,1,1,2,3,2,-3783,67,3850,43,0,0,0,0,1,36,1397,26,136.6,351,42,0,239,53.1,2,0,2,1.5
0,66,0,0,0,21,0,4,56,23.3,0,0,0,0,2,0,5.2,17,2,0,0,90,0,0,14,0,0,0,0,12,0,0,30152,1,2,0,1,2,12,2,-3105,232,3337,48,0,0,0,3,3,70,1954,29,267.9,370.8,155,2,337,79.2,5,1,6,0.5
0,21,0,0,0,8,0,1,18,1,0,0,0,0,2,0,2,10.6,0,0,0,68,0,0,13,0,0,0,0,6,0,0,14159,0,0,0,3,1,8,2,-262,81,343,47,1,0,0,0,3,62,1703,27,196.1,287,180,0,229,66.1,8,0,2,0.2
0,0,0,0,0,0,0,0,0,0,0,0,0,0,0,0,0,0,0,0,0,0,0,0,14,0,0,0,0,0,0,0,51252,0,0,0,1,2,0,0,-268,1558,1826,42,0,0,0,0,1,35,996,20,78.3,180,101,1,156,35.9,1,0,0,0.8
1,44,1,0,2,24,0,0,36,23.4,1,0,1,0,1,0,5.7,19.6,1,0,0,61,0,1,14,0,0,0,0,5,0,0,10265,1,0,0,1,2,14,7,-4739,182,4921,64,0,0,0,0,2,21,537,11,88.9,84,100,2,96,27.3,1,0,1,0.1
0,7,0,1,0,0,0,0,6,10.9,1,0,0,0,1,0,4,4.2,1,0,0,17,0,0,14,0,0,0,0,1,0,0,70648,1,0,1,1,2,25,1,-9824,91,9915,68,0,0,0,4,5,87,1733,27,298.7,362.6,652,4,222,130.3,5,0,3,1.1
0,0,0,0,0,0,0,0,0,0,0,0,0,0,0,0,0,0,0,0,0,0,0,0,14,0,0,0,0,0,0,0,4628,0,0,0,1,2,0,0,-16,0,16,45,0,0,0,0,0,0,0,0,0,0,0,0,0,0,0,0,0,0.1
0,0,0,0,0,0,0,0,0,0,0,0,0,0,0,0,0,0,0,0,0,0,0,0,14,0,0,0,0,0,0,0,392218,0,0,0,1,2,0,0,-17451,1036,18487,68,0,0,0,7,4,91,1652,32,405,414.2,749,12,307,156.2,2,0,3,6.1
0,0,0,0,0,0,0,0,0,0,0,0,0,0,0,0,0,0,0,0,0,0,0,0,14,0,0,0,0,0,0,0,5457,0,0,0,1,2,0,0,-278,26,304,54,0,0,0,0,0,12,454,7,51.4,41.8,169,0,10,25.8,0,0,2,0.1
0,15,0,0,0,6,0,0,11,12.1,2,0,0,0,1,0,2.2,3.4,1,0,0,72,2,0,14,0,0,0,0,4,0,0,105790,2,0,0,1,2,6,2,-9215,896,10111,61,0,0,0,7,4,86,1326,20,112,301,528,10,276,93.4,6,0,2,1.7
0,0,0,0,0,0,0,0,0,0,0,0,0,0,0,0,0,0,0,0,0,0,0,0,14,0,0,0,0,0,0,0,802,0,0,0,1,2,0,0,-1,3,4,50,0,0,0,0,0,0,0,0,0,0,0,0,0,0,0,0,0,0
0,0,0,0,0,0,0,0,0,0,0,0,0,0,0,0,0,0,0,0,0,0,0,0,16,0,0,0,0,0,0,0,15408,0,0,0,1,3,0,0,-166,65,231,42,0,0,0,0,0,7,90,0,0,26.6,0,0,25,2.7,1,0,0,0.2
0,0,0,0,0,0,0,0,0,0,0,0,0,0,0,0,0,0,0,0,0,0,0,0,16,0,0,0,0,0,0,0,137739,0,0,0,1,3,0,0,-533,1955,2488,39,0,0,0,0,0,0,0,0,0,0,0,0,0,0,0,0,0,2.2
0,79,0,0,2,33,0,11,67,11.8,2,0,0,0,3,1,10.1,64.2,1,0,0,90,0,0,16,0,0,0,0,8,0,0,297608,1,2,2,1,3,25,9,10354,24030,13676,47,0,0,0,4,0,103,2718,39,100.8,870,247,10,542,121.4,6,1,2,5.4
0,0,0,0,0,0,0,0,0,0,0,0,0,0,0,0,0,0,0,0,0,0,0,0,16,0,0,0,0,0,0,0,1182,0,0,0,1,3,0,0,1,2,1,50,0,0,0,0,0,0,0,0,0,0,0,0,0,0,0,0,0,0
0,30,0,0,0,3,0,2,18,2.2,1,0,0,0,2,0,4.1,6.4,0,0,0,59,1,0,16,0,0,0,0,3,0,0,1423320,2,0,0,1,3,32,0,20386,67630,47244,53,0,0,0,3,6,115,2709,38,454.2,663.8,605,9,501,172.1,6,0,4,22.7
0,87,0,0,0,17,0,7,72,2.4,0,0,0,1,3,0,2.7,21.8,0,0,0,90,0,0,16,0,0,0,0,4,0,0,28752,0,4,1,1,3,3,0,-882,629,1511,42,0,0,1,2,0,47,1142,17,70.9,363.6,129,5,248,56.2,3,0,7,0.5
0,0,0,0,0,0,0,0,0,0,0,0,0,0,0,0,0,0,0,0,0,0,0,0,16,0,0,0,0,0,0,0,503770,0,0,0,1,3,0,0,-3684,20945,24629,41,0,0,0,1,0,74,2610,34,123.3,487,128,1,395,73.9,7,0,10,8
0,0,0,0,0,0,0,0,0,0,0,0,0,0,0,0,0,0,0,0,0,0,0,0,16,0,0,0,0,0,0,0,37697,0,0,0,1,3,0,0,-135,7,142,40,0,0,0,0,0,0,0,0,0,0,0,0,0,0,0,0,0,0.6
0,0,0,0,0,0,0,0,0,0,0,0,0,0,0,0,0,0,0,0,0,0,0,0,16,0,0,0,0,0,0,0,2996,0,0,0,1,3,0,0,-4,6,10,40,0,0,0,0,0,0,0,0,0,0,0,0,0,0,0,0,0,0
0,84,0,0,0,14,0,4,75,0.8,0,0,0,0,3,0,1.6,14.8,0,0,0,90,0,0,16,0,0,0,0,8,0,0,51061,0,0,0,1,3,0,1,2274,4849,2575,45,0,0,0,0,0,76,2970,42,24.3,515.6,0,5,498,53.9,7,0,5,0.8
0,0,0,0,0,0,0,0,0,0,0,0,0,0,0,0,0,0,0,0,0,0,0,0,16,0,0,0,0,0,0,0,5189,0,0,0,1,3,0,0,10,145,135,43,0,0,0,0,0,21,673,9,97.6,110.8,57,0,108,26.6,1,0,1,0.1
0,35,0,0,0,6,0,0,26,2.6,3,0,0,0,3,0,3,1,0,0,0,86,0,0,16,0,0,0,0,4,0,0,404925,5,0,1,1,3,26,2,104585,145126,40541,61,0,0,0,7,7,113,1915,26,340.2,449,643,10,340,143.3,7,0,8,6.7
0,79,0,0,0,5,0,1,63,3.3,0,0,1,0,2,0,3,1.6,0,0,0,68,0,0,16,0,0,0,0,5,0,0,639234,2,0,1,1,3,25,2,-5884,4311,10195,49,0,0,0,3,2,81,2556,39,330.3,576,357,4,394,126.5,6,0,8,10.1
0,0,0,0,0,0,0,0,0,0,0,0,0,0,0,0,0,0,0,0,0,0,0,0,16,0,0,0,0,0,0,0,4225,0,0,0,1,3,0,0,-19,57,76,52,0,0,0,3,1,46,662,10,310.4,197,156,3,149,65.6,1,0,1,0.1
0,0,0,0,0,-1,0,0,0,0,0,0,0,2,0,0,0,0,0,0,0,3,0,0,16,0,0,0,0,0,0,0,22915,2,0,0,1,3,0,1,-264,187,451,46,0,0,0,1,2,52,1333,19,264,162.8,280,0,136,70.9,5,0,3,0.4
0,0,0,0,0,0,0,0,0,0,0,0,0,0,0,0,0,0,0,0,0,0,0,0,16,0,0,0,0,0,0,0,6780,0,0,0,1,3,0,0,-26,7,33,43,0,0,0,0,0,0,0,0,0,0,0,0,0,0,0,0,0,0.1
0,24,0,0,0,-4,0,2,19,4.3,0,0,0,3,3,0,2.1,0,0,0,0,90,1,0,16,0,0,0,0,7,0,0,2187853,5,0,1,1,3,17,1,161425,199402,37977,68,0,0,1,12,10,166,2675,36,590.3,741.8,1235,30,555,256.3,10,0,4,35.7
0,0,0,0,0,0,0,0,0,0,0,0,0,0,0,0,0,0,0,0,0,0,0,0,16,0,0,0,0,0,0,0,20714,0,0,0,1,3,0,0,-115,7,122,46,0,0,0,0,1,10,130,0,30.9,24.6,90,0,19,13.6,0,0,0,0.3
0,0,0,0,0,0,0,0,0,0,0,0,0,0,0,0,0,0,0,0,0,0,0,0,5,0,0,0,0,0,0,0,72569,0,0,0,2,0,0,0,-1801,87,1888,40,1,0,0,0,0,0,0,0,0,0,0,0,0,0,0,0,0,1.1
0,55,0,0,0,12,0,5,38,12.1,1,0,0,0,2,0,3.1,18.8,1,0,0,90,0,0,5,0,0,0,0,5,0,0,8655,1,1,0,2,0,0,1,1255,1825,570,42,1,0,0,0,1,33,1369,22,149.1,339.6,82,0,232,57.1,2,0,3,0.1
0,0,0,0,0,0,0,0,0,0,0,0,0,0,0,0,0,0,0,0,0,0,0,0,13,0,0,0,0,0,0,0,11185,0,0,0,3,1,0,0,-150,34,184,43,1,0,0,1,0,11,281,7,15.4,98,41,0,40,15.5,0,0,0,0.2
0,0,0,0,0,0,0,0,0,0,0,0,0,0,0,0,0,0,0,0,0,0,0,0,13,0,0,0,0,0,0,0,2200,0,0,0,3,1,0,0,-4,3,7,40,1,0,0,0,0,0,0,0,0,0,0,0,0,0,0,0,0,0
0,0,0,0,0,0,0,0,0,0,0,0,0,0,0,0,0,0,0,0,0,0,0,0,13,0,0,0,0,0,0,0,3643,0,0,0,3,1,0,0,-2,16,18,42,1,0,0,0,0,1,1,0,0.1,1,0,0,3,0.1,0,0,0,0.1
0,0,0,0,0,0,0,0,0,0,0,0,0,0,0,0,0,0,0,0,0,0,0,0,13,0,0,0,0,0,0,0,7140,0,0,0,3,1,0,0,-168,86,254,49,1,0,0,0,1,8,60,1,41.9,23.2,53,0,20,11.8,0,0,0,0.1
0,31,0,0,0,17,0,0,6,0,0,1,0,0,1,0,2,20,0,0,0,90,0,0,1,0,0,0,0,12,0,5,455853,0,0,0,1,0,0,3,73293,99544,26251,46,1,0,0,0,0,119,2970,48,50,855.6,1,11,623,90.8,7,0,1,7.8
0,1,0,0,0,2,0,0,0,0,0,0,0,0,0,0,0,0,0,0,0,4,0,0,1,0,0,0,0,0,0,0,7366,1,0,0,1,0,0,1,-254,19,273,46,1,0,0,1,2,35,657,8,80.2,116.4,140,1,89,33.4,3,0,1,0.1
0,0,0,0,0,0,0,0,0,0,0,0,0,0,0,0,0,0,0,0,0,0,0,0,14,0,0,0,0,0,0,0,53217,0,0,0,1,2,0,0,-127,2,129,48,0,0,0,0,1,11,338,9,44.8,64.4,11,0,67,12,1,0,2,0.8
0,8,0,0,0,3,0,0,6,0.4,0,0,0,0,1,0,0.9,0.6,0,0,0,21,0,0,16,0,0,0,0,1,0,0,32203,0,0,0,1,3,8,1,-1216,71,1287,43,0,0,0,0,1,31,565,12,125.3,54.2,64,0,83,24.2,3,0,1,0.5
0,0,0,0,0,0,0,0,0,0,0,0,0,0,0,0,0,0,0,0,0,0,0,0,16,0,0,0,0,0,0,0,3165,0,0,0,1,3,0,0,-9,16,25,45,0,0,0,0,0,0,0,0,0,0,0,0,0,0,0,0,0,0.1
0,33,0,0,0,11,0,2,30,12.3,0,0,0,2,0,0,2,7.8,1,0,0,45,0,0,18,0,0,0,0,10,0,0,165406,1,0,0,1,0,0,1,-2404,1642,4046,47,0,0,0,2,4,73,2117,30,278.4,410.6,178,6,385,86.9,5,1,6,2.6
0,27,0,0,0,5,0,2,23,2.3,1,0,0,0,0,0,1.3,8.6,0,0,0,31,0,0,18,0,0,0,0,5,0,0,108120,1,0,0,1,0,2,1,-2415,642,3057,44,0,0,0,0,0,43,1899,26,269,292.4,126,0,285,68.8,3,0,6,1.7
0,24,0,0,0,10,0,0,8,0,0,0,0,0,1,0,0.6,5.6,0,0,0,90,0,0,20,0,0,0,0,6,0,1,47977,0,0,0,1,3,0,2,18198,28904,10706,43,1,0,0,0,0,40,720,10,0,186.6,0,4,162,18.6,3,0,0,0.9
0,0,0,0,0,0,0,0,0,0,0,0,0,0,0,0,0,0,0,0,0,0,0,0,14,0,0,0,0,0,0,0,29848,0,0,0,1,2,0,0,-54,6,60,67,0,0,0,2,1,27,456,6,84.6,86,122,2,88,29.1,1,0,2,0.5
0,15,0,0,0,13,0,0,8,0,0,0,0,0,3,0,2.2,21.6,0,0,0,90,0,0,16,0,0,0,0,4,0,3,502919,0,0,0,1,3,0,2,-9928,14503,24431,45,0,0,0,0,0,100,2880,42,0,652.8,0,4,508,65,6,0,0,8.1
0,41,0,0,0,22,1,5,31,0.2,0,0,0,0,0,0,2.3,18.8,0,0,0,90,0,0,8,0,0,0,0,6,0,0,8779,0,1,1,0,2,4,5,-54,13,67,42,1,0,1,0,1,25,1890,48,126.9,497.6,77,1,333,70.5,1,0,4,0.1
0,7,0,0,0,2,0,0,6,0.5,0,0,0,1,0,0,0,0,0,0,0,7,0,0,8,0,0,0,0,1,0,0,83597,0,0,0,0,2,0,1,-503,28,531,49,1,0,0,1,3,69,2161,54,809,447.6,157,6,404,141.5,2,0,6,1.3
0,0,0,0,0,0,0,0,0,0,0,0,0,0,0,0,0,0,0,0,0,0,0,0,15,0,0,0,0,0,0,0,8872,0,0,0,1,0,0,0,-29,6,35,43,1,0,0,0,0,0,0,0,0,0,0,0,0,0,0,0,0,0.1
0,0,0,0,0,0,0,0,0,0,0,0,0,0,0,0,0,0,0,0,0,0,0,0,11,0,0,0,0,0,0,0,33834,0,0,0,1,0,0,0,-732,57,789,47,0,0,0,1,1,48,1271,17,175.8,206.8,289,1,155,67.2,6,0,1,0.5
0,51,0,0,0,8,0,3,42,4.4,0,0,1,1,2,0,2,16,0,0,0,90,0,0,12,0,0,0,0,8,0,0,377975,3,0,0,0,2,0,2,-11315,1493,12808,46,0,0,0,2,0,87,2796,34,532.9,629.2,87,4,518,125,14,0,7,5.9
0,7,0,0,0,5,0,1,4,0.2,0,0,0,0,0,0,0.5,4.4,0,0,0,24,0,0,8,0,0,0,0,4,0,0,8475,1,1,0,0,2,0,1,-78,26,104,42,1,0,0,0,0,28,1714,38,278.6,359,88,0,220,72.5,2,0,6,0.1
0,22,0,0,0,7,0,3,11,1.3,1,0,0,0,2,0,0.9,5.2,0,0,0,68,0,0,17,0,0,0,0,2,0,0,5992,1,0,0,0,4,2,1,-85,13,98,44,0,0,0,0,1,47,1824,37,194.3,239.6,114,2,264,55,3,0,0,0.1
0,1,0,0,0,2,0,0,1,0.3,0,0,0,1,0,0,0,0,0,0,0,1,0,0,6,0,0,0,0,0,0,0,130604,0,0,0,0,2,0,1,-1255,92,1347,68,1,0,0,6,4,83,1011,6,311.7,343.6,281,4,282,93.6,7,0,2,2.1
0,31,0,0,0,19,0,11,21,0.3,2,0,0,2,1,0,4.4,35.2,0,0,0,90,0,0,20,0,0,0,0,6,0,0,15853,0,3,0,1,3,8,2,392,747,355,46,1,0,0,0,0,50,2027,31,76.6,576.6,104,0,396,75.9,4,0,2,0.3
0,48,0,0,0,11,0,8,36,0.8,0,0,0,0,2,0,4,13.6,0,0,0,90,0,0,14,0,0,0,0,4,0,0,16755,1,0,1,1,2,26,1,-1233,174,1407,42,0,0,0,1,0,46,1653,29,37,433.4,197,3,296,66.9,3,0,2,0.3
0,62,0,0,1,23,0,1,48,21.9,0,0,0,1,2,1,16.2,40.8,1,0,0,90,1,1,14,0,0,0,0,3,0,0,599034,5,2,3,1,2,99,8,-100575,2330,102905,70,0,0,0,9,5,145,2775,46,925.5,813.4,719,18,569,245.7,6,0,3,9.3
0,0,0,0,0,0,0,0,0,0,0,0,0,0,0,0,0,0,0,0,0,0,0,0,5,0,0,0,0,0,0,0,2013,0,0,0,2,0,0,0,437,567,130,46,1,0,0,0,0,36,1458,27,183.6,184,186,0,141,55.4,2,0,4,0
0,0,0,0,0,0,0,0,0,0,0,0,0,0,0,0,0,0,0,0,0,0,0,0,3,0,0,0,0,0,0,0,2959,0,0,0,2,0,0,0,15,44,29,41,0,0,0,0,0,9,630,17,69.7,106.4,19,0,72,19.6,1,0,3,0
0,28,0,0,0,27,1,1,25,0,0,0,0,0,0,0,2.8,28.4,0,0,0,90,0,0,6,0,0,0,0,10,0,3,1463770,0,0,0,0,2,0,7,-35897,5064,40961,59,1,0,0,0,0,156,3060,20,0.1,603.6,0,9,675,60.2,18,0,1,23.3
0,0,0,0,0,0,0,0,0,0,0,0,0,0,0,0,0,0,0,0,0,0,0,0,9,0,0,0,0,0,0,0,604,0,0,0,0,2,0,0,0,0,0,55,0,0,0,0,0,0,0,0,0,0,0,0,0,0,0,0,0,0
0,0,0,0,0,0,0,0,0,0,0,0,0,0,0,0,0,0,0,0,0,0,0,0,9,0,0,0,0,0,0,0,5685,0,0,0,0,2,0,0,-5,2,7,54,0,0,0,0,0,0,0,0,0,0,0,0,0,0,0,0,0,0.1
0,0,0,0,0,0,0,0,0,0,0,0,0,0,0,0,0,0,0,0,0,0,0,0,17,0,0,0,0,0,0,0,1114,0,0,0,0,4,0,0,-27,7,34,45,0,0,0,0,1,18,547,16,80.6,40,115,0,37,23.4,1,0,1,0
0,0,0,0,0,0,0,0,0,0,0,0,0,0,0,0,0,0,0,0,0,0,0,0,6,0,0,0,0,0,0,0,57489,0,0,0,0,2,0,0,-244,119,363,56,1,0,0,2,1,30,336,3,91.7,117.4,170,2,113,37.6,1,0,1,0.9
0,0,0,0,0,0,0,0,0,0,0,0,0,0,0,0,0,0,0,0,0,0,0,0,3,0,0,0,0,0,0,0,2890,0,0,0,5,0,0,0,-87,87,174,41,0,0,0,0,0,8,606,19,171.6,107.4,36,0,89,31.4,0,0,1,0
0,0,0,0,0,0,0,0,0,0,0,0,0,0,0,0,0,0,0,0,0,0,0,0,8,0,0,0,0,0,0,0,14228,0,0,0,0,2,0,0,-91,40,131,42,1,0,0,0,0,8,180,5,0,115.2,0,2,47,11.5,0,0,0,0.2
1,79,0,0,0,23,0,0,68,58.3,0,0,0,2,3,0,8.7,26.6,4,0,0,90,0,1,16,0,0,0,0,6,0,0,355140,0,1,0,1,3,2,4,-13979,9358,23337,52,0,0,1,1,8,106,2588,35,995.8,703.6,64,11,526,176.6,7,0,3,5.6
0,26,0,0,0,7,0,0,16,3.1,1,0,0,0,2,0,4.2,11.6,0,0,0,68,0,0,5,0,0,0,0,6,0,0,37620,2,0,0,2,0,27,2,850,1056,206,67,1,0,0,0,0,27,831,12,91.2,85,151,0,51,32.6,4,0,2,0.6
0,0,0,0,0,0,0,0,0,0,0,0,0,0,0,0,0,0,0,0,0,0,0,0,13,0,0,0,0,0,0,0,8534,0,0,0,3,1,0,0,-25,7,32,43,1,0,0,0,0,0,0,0,0,0,0,0,0,0,0,0,0,0.1
0,0,0,0,0,0,0,0,0,0,0,0,0,0,0,0,0,0,0,0,0,0,0,0,8,0,0,0,0,0,0,0,134555,0,0,0,0,2,0,0,-967,154,1121,55,1,0,0,6,0,75,1638,43,310.6,361.8,474,2,260,114,2,0,2,2.1
0,0,0,0,0,0,0,0,0,0,0,0,0,0,0,0,0,0,0,0,0,0,0,0,20,0,0,0,0,0,0,0,9011,0,0,0,1,3,0,0,-863,50,913,42,1,0,0,0,3,28,1095,23,362.1,273.2,124,3,207,76,0,0,2,0.1
1,28,1,0,0,7,1,1,18,11.3,1,0,0,3,0,0,9.8,17.8,1,0,0,90,0,0,8,0,0,0,0,3,0,0,672064,7,0,4,0,2,69,5,-17345,2294,19639,63,1,0,0,10,4,123,2920,73,462,604.6,1492,12,324,256.2,3,0,6,10.6
0,4,0,0,0,4,0,2,1,0.1,0,0,0,0,0,0,0.7,7.2,0,0,0,15,0,0,19,0,0,0,0,0,0,0,22614,0,0,0,1,2,0,1,-1600,241,1841,45,1,0,0,1,1,24,433,9,70.3,103.4,33,2,90,20.5,1,0,3,0.3
0,33,0,0,0,23,1,13,17,16.7,3,0,0,2,0,0,4.8,30.8,1,0,0,90,0,0,11,0,0,0,0,5,0,0,88266,1,0,0,1,0,0,5,-12309,1416,13725,46,0,0,1,3,1,74,1662,18,134.3,563.4,189,6,335,88.7,6,0,11,1.4
0,39,0,0,0,15,0,2,30,13,4,0,0,0,3,0,4.1,20.8,1,0,0,90,0,0,16,0,0,0,0,4,0,0,181643,1,1,1,1,3,7,1,752,11651,10899,43,0,0,0,1,1,76,2353,35,341.4,443.4,322,5,375,110.7,6,0,6,2.9
0,55,0,0,0,11,0,0,39,22,0,0,0,1,2,0,3.9,12.6,1,0,0,90,0,2,9,0,0,0,0,3,0,0,534468,0,0,0,0,2,4,1,23772,51973,28201,53,0,0,0,3,4,124,2610,36,949.1,755.4,248,15,616,195.3,10,1,4,8.3
0,0,0,0,0,0,0,0,0,0,0,0,0,0,0,0,0,0,0,0,0,0,0,0,5,0,0,0,0,0,0,0,6093,0,0,0,0,2,0,0,-61,11,72,43,1,0,0,0,0,0,0,0,0,0,0,0,0,0,0,0,0,0.1
0,6,0,0,0,3,0,1,5,0.1,0,0,0,0,1,0,0.2,1.4,0,0,0,13,0,0,13,0,0,0,0,1,0,0,12270,0,0,0,3,1,0,1,-205,16,221,55,1,0,0,1,3,52,1153,18,269.5,204.2,386,0,191,85.9,5,0,3,0.2
0,0,0,0,0,0,0,0,0,0,0,0,0,0,0,0,0,0,0,0,0,0,0,0,8,0,0,0,0,0,0,0,5717,0,0,0,0,2,0,0,-14,9,23,47,1,0,0,0,0,18,1035,22,22.4,234.6,29,2,155,28.6,1,0,2,0.1
0,0,0,0,0,0,0,0,0,0,0,0,0,0,0,0,0,0,0,0,0,0,0,0,11,0,0,0,0,0,0,0,3318,0,0,0,1,0,0,0,-16,36,52,56,0,0,0,1,0,22,480,10,56.1,67.6,136,0,60,25.5,1,0,0,0.1
0,46,0,0,0,12,0,1,40,75.7,0,0,0,2,2,0,10.3,9.4,5,0,0,90,0,0,14,0,1,0,0,10,0,0,75631,3,1,0,1,2,18,2,-17659,230,17889,50,0,0,0,2,5,82,2067,32,911,437,340,9,347,168.6,4,0,8,1.1
0,0,0,0,0,0,0,0,0,0,0,0,0,0,0,0,0,0,0,0,0,0,0,0,5,0,0,0,0,0,0,0,289019,0,0,0,0,2,0,0,-5790,913,6703,42,1,0,0,0,0,69,1710,41,10.1,594.6,0,7,378,60.3,4,0,0,4.6
0,0,0,0,0,0,0,0,0,0,0,0,0,0,0,0,0,0,0,0,0,0,0,0,5,0,0,0,0,0,0,0,6338,0,0,0,0,2,0,0,19,65,46,48,1,0,0,1,0,6,62,3,0.4,42.4,33,0,17,7.6,0,0,1,0.1
0,0,0,0,0,0,0,0,0,0,0,0,0,0,0,0,0,0,0,0,0,0,0,0,15,0,0,0,0,0,0,0,6748,0,0,0,1,0,0,0,-43,18,61,50,1,0,0,1,0,28,733,13,307,147.8,228,2,112,68.3,1,0,3,0.1
0,31,0,0,0,4,1,0,21,28.3,3,0,0,1,0,0,3.8,4.4,2,0,0,90,2,1,11,0,0,0,0,5,0,0,469324,4,0,2,1,0,5,2,-108884,11756,120640,60,0,0,0,9,5,121,2241,26,425.1,519.2,989,18,373,193,8,0,1,7.1
0,76,0,0,0,19,1,2,62,24.3,0,0,0,0,0,0,4.1,16.4,2,0,0,90,0,0,3,0,0,0,0,12,0,0,16270,2,2,0,5,0,0,3,5,702,697,45,0,0,0,1,2,60,2145,40,194.1,423.4,163,4,333,78.2,8,0,11,0.3
0,0,0,0,0,0,0,0,0,0,0,0,0,0,0,0,0,0,0,0,0,0,0,0,5,0,0,0,0,0,0,0,2667,0,0,0,0,2,0,0,-22,42,64,56,1,0,0,1,1,19,274,7,33.3,69.4,112,0,55,21.2,0,0,1,0
0,0,0,0,0,0,0,0,0,0,0,0,0,0,0,0,0,0,0,0,0,0,0,0,12,0,0,0,0,0,0,0,3268,0,0,0,0,2,0,0,-3,1,4,54,0,0,0,0,0,0,0,0,0,0,0,0,0,0,0,0,0,0.1
0,0,0,0,0,0,0,0,0,0,0,0,0,0,0,0,0,0,0,0,0,0,0,0,10,0,0,0,0,0,0,0,1010,0,0,0,0,4,0,0,-2,1,3,48,1,0,0,0,1,4,4,0,14.3,19,0,0,17,3.3,0,0,0,0
0,31,0,0,0,21,0,2,21,0,0,0,0,0,2,0,4.4,43.6,0,0,0,90,0,0,12,0,0,0,0,14,0,5,333569,0,0,0,0,2,0,2,-34683,3392,38075,54,0,0,0,0,0,131,2970,36,0.1,623,0,7,633,62.2,13,0,2,5.3
0,0,0,0,0,0,0,0,0,0,0,0,0,0,0,0,0,0,0,0,0,0,0,0,12,0,0,0,0,0,0,0,43606,0,0,0,0,2,0,0,-255,98,353,57,0,0,0,0,2,59,1501,18,426.1,268,273,2,292,97,8,0,1,0.7
0,8,0,0,0,5,0,1,4,14.3,2,0,0,0,1,0,2.3,8.2,1,0,0,30,0,1,16,0,0,0,0,0,0,0,16117,2,0,0,1,3,0,1,-89,66,155,51,0,0,0,1,1,41,860,12,260.9,218,263,2,170,74.1,1,0,1,0.3
0,0,0,0,0,0,0,0,0,0,0,0,0,0,0,0,0,0,0,0,0,0,0,0,15,0,0,0,0,0,0,0,1359,0,0,0,1,0,0,0,0,1,1,50,1,0,0,0,0,0,0,0,0,0,0,0,0,0,0,0,0,0
0,0,0,0,0,0,0,0,0,0,0,0,0,0,0,0,0,0,0,0,0,0,0,0,14,0,0,0,0,0,0,0,8197,0,0,0,1,2,0,0,-41,68,109,62,0,0,0,2,0,24,436,12,86.8,96,112,3,94,29.4,0,0,0,0.1
0,0,0,0,0,0,0,0,0,0,0,0,0,0,0,0,0,0,0,0,0,0,0,0,5,0,0,0,0,0,0,0,15761,0,0,0,2,0,0,0,2100,3252,1152,43,1,0,0,0,1,42,2070,40,278.8,427,58,1,342,76.5,3,0,4,0.2
1,32,1,0,0,23,1,2,27,30.3,2,0,0,1,0,0,5.5,23,2,0,0,90,0,0,3,0,0,0,0,5,0,0,196623,4,0,0,2,0,2,6,67259,91730,24471,45,0,0,0,5,4,100,2398,51,758.3,505,353,5,385,161.7,8,0,6,2.8
0,0,0,0,0,0,0,0,0,0,0,0,0,0,0,0,0,0,0,0,0,0,0,0,13,0,0,0,0,0,0,0,13988,0,0,0,3,1,0,0,-343,54,397,57,1,0,0,1,2,40,1087,12,169.5,130.8,369,2,98,66.8,5,0,3,0.2
0,0,0,0,0,0,0,0,0,0,0,0,0,0,0,0,0,0,0,0,0,0,0,0,9,0,0,0,0,0,0,0,32458,0,0,0,0,2,0,0,-355,12,367,54,0,0,0,1,0,35,801,11,37.2,185.6,59,2,166,28.1,3,0,3,0.5
0,30,0,0,0,11,0,0,20,20,0,0,0,0,2,0,5.4,10.8,1,0,0,83,0,0,9,0,0,0,0,3,0,0,15169,3,3,0,0,2,23,2,993,1706,713,59,0,0,0,1,4,77,1799,18,495.9,325.6,300,5,269,112.2,10,0,5,0.2
0,65,0,0,0,14,0,2,55,11.8,4,0,0,1,2,0,4.7,13.8,0,0,0,90,0,1,9,0,0,0,0,12,0,0,12711,4,0,1,0,2,21,2,146,550,404,54,0,0,0,1,2,63,1952,27,153.3,267.2,207,2,267,62.8,9,0,7,0.2
0,24,0,0,0,23,1,2,11,0,0,0,0,0,0,0,1,10.2,0,0,0,90,0,0,8,0,0,0,0,8,0,1,21954,0,0,0,0,2,0,6,-785,211,996,44,1,0,0,0,0,64,2250,51,20.3,686.8,0,3,427,70.7,3,0,0,0.4
0,26,0,0,0,21,1,1,20,24.9,0,0,0,2,0,0,3.7,10.4,2,0,0,90,0,0,8,0,0,0,0,2,0,0,4793,1,2,0,0,2,2,6,-11,42,53,48,1,0,0,0,1,36,1984,49,314.9,400,170,1,325,88.5,3,0,4,0.1
0,32,0,0,1,27,1,7,26,10.8,1,0,0,0,0,0,2.5,14,1,0,0,65,0,0,8,0,0,0,0,4,0,0,21665,1,0,0,0,2,0,7,-30,44,74,45,1,0,0,0,0,14,791,18,100.3,136.4,28,1,119,26.4,1,0,3,0.3
0,43,0,0,0,22,1,6,33,12.1,5,0,0,0,0,0,3.4,19.8,1,0,0,88,0,0,8,0,0,0,0,9,0,0,4983,2,2,0,0,2,2,3,-29,21,50,44,1,0,0,0,0,27,1157,28,109.7,235.6,99,0,185,44.4,1,1,1,0.1
0,0,0,0,0,0,0,0,0,0,0,0,0,0,0,0,0,0,0,0,0,0,0,0,8,0,0,0,0,0,0,0,27188,0,0,0,0,2,0,0,-249,105,354,53,1,0,0,1,4,47,980,21,306.8,206.2,346,4,171,85.6,1,0,1,0.4
0,0,0,0,0,0,0,0,0,0,0,0,0,0,0,0,0,0,0,0,0,0,0,0,17,0,0,0,0,0,0,0,1331,0,0,0,0,4,0,0,-3,8,11,59,0,0,0,0,1,25,631,16,84.2,62,134,0,85,27.7,0,0,1,0
0,0,0,0,0,0,0,0,0,0,0,0,0,0,0,0,0,0,0,0,0,0,0,0,15,0,0,0,0,0,0,0,2384,0,0,0,1,0,0,0,27,43,16,48,1,0,0,0,0,9,371,4,6.8,76.6,22,0,48,10.6,0,0,1,0
0,0,0,0,0,0,0,0,0,0,0,0,0,0,0,0,0,0,0,0,0,0,0,0,11,0,0,0,0,0,0,0,11834,0,0,0,1,0,0,0,-234,32,266,44,0,0,0,0,2,43,1350,23,52.8,318.4,68,5,250,44,3,0,2,0.2
0,0,0,0,0,0,0,0,0,0,0,0,0,0,0,0,0,0,0,0,0,0,0,0,1,0,0,0,0,0,0,0,4816,0,0,0,1,0,0,0,-104,14,118,44,1,0,0,1,0,17,334,5,40.2,69,22,2,68,13.1,0,0,0,0.1
0,0,0,0,0,0,0,0,0,0,0,0,0,0,0,0,0,0,0,0,0,0,0,0,14,0,0,0,0,0,0,0,8945,0,0,0,1,2,0,0,-131,17,148,43,0,0,0,0,0,7,217,4,27.7,20.2,24,0,37,7.2,0,0,0,0.1
0,61,0,0,0,18,0,5,48,13.8,1,0,0,0,3,0,4.3,14.8,1,0,0,90,0,0,16,0,0,0,0,6,0,0,38341,1,3,1,1,3,14,2,-1237,827,2064,43,0,0,0,1,0,33,1088,17,92.1,262,167,1,152,52.2,2,0,1,0.6
0,0,0,0,0,0,0,0,0,0,0,0,0,0,0,0,0,0,0,0,0,0,0,0,19,0,0,0,0,0,0,0,1500,0,0,0,1,2,0,0,-2,8,10,48,1,0,0,0,0,0,0,0,0,0,0,0,0,0,0,0,0,0
0,0,0,0,0,0,0,0,0,0,0,0,0,0,0,0,0,0,0,0,0,0,0,0,8,0,0,0,0,0,0,0,5654,0,0,0,0,2,0,0,21,109,88,43,1,0,0,0,0,4,86,4,2.1,11.6,0,0,16,1.4,0,0,0,0.1
0,18,0,1,0,11,0,5,13,0.1,0,0,0,0,2,0,2.7,22.8,0,0,0,81,0,0,17,0,0,0,0,3,0,0,193525,0,3,1,0,4,4,1,-5686,1740,7426,39,0,0,0,1,0,22,545,15,27.4,139.8,83,2,109,25,2,0,2,3.1
0,0,0,0,0,0,0,0,0,0,0,0,0,0,0,0,0,0,0,0,0,0,0,0,10,0,0,0,0,0,0,0,9053,0,0,0,0,4,0,0,-55,102,157,43,1,0,0,0,0,1,2,0,0.1,2.2,0,0,3,0.2,0,0,0,0.1
0,13,1,0,0,7,0,0,9,11.9,1,0,0,0,0,0,2.4,3.8,1,0,0,31,1,0,1,0,0,0,0,1,0,0,141919,0,0,0,1,0,8,1,-8061,403,8464,46,1,0,0,1,1,39,987,20,270.6,139.6,316,0,120,72.4,2,0,3,2.2
0,0,0,0,0,0,0,0,0,0,0,0,0,0,0,0,0,0,0,0,0,0,0,0,16,0,0,0,0,0,0,0,13857,0,0,0,1,3,0,0,-70,5,75,40,0,0,0,0,0,0,0,0,0,0,0,0,0,0,0,0,0,0.2
0,76,0,0,0,13,0,7,65,1.4,0,0,0,2,2,0,2.5,21.2,0,0,0,90,0,0,9,0,0,0,0,10,0,0,40058,1,0,0,0,2,2,1,5958,7255,1297,50,0,0,0,2,2,91,2253,37,79.7,512.6,187,10,451,78.3,7,1,3,0.7
0,23,0,0,0,3,0,1,22,1.5,0,0,0,1,0,0,0.4,2.4,0,0,0,18,0,0,15,0,0,0,0,3,0,0,57601,0,0,0,1,0,0,1,-1757,234,1991,44,1,0,0,0,1,56,2073,29,135.5,233.6,23,0,283,39.3,7,0,5,0.9
0,0,0,0,0,0,0,0,0,0,0,0,0,0,0,0,0,0,0,0,0,0,0,0,9,0,0,0,0,0,0,0,380,0,0,0,0,2,0,0,-2,1,3,45,0,0,0,0,0,0,0,0,0,0,0,0,0,0,0,0,0,0
0,0,0,0,0,0,0,0,0,0,0,0,0,0,0,0,0,0,0,0,0,0,0,0,7,0,0,0,0,0,0,0,1931,0,0,0,3,1,0,0,0,27,27,45,0,0,0,0,0,0,0,0,0,0,0,0,0,0,0,0,0,0
0,0,0,0,0,0,0,0,0,0,0,0,0,0,0,0,0,0,0,0,0,0,0,0,11,0,0,0,0,0,0,0,3786,0,0,0,1,0,0,0,-28,6,34,40,0,0,0,0,0,0,0,0,0,0,0,0,0,0,0,0,0,0.1
0,0,0,0,0,0,0,0,0,0,0,0,0,0,0,0,0,0,0,0,0,0,0,0,11,0,0,0,0,0,0,0,4323,0,0,0,1,0,0,0,-774,34,808,45,0,0,0,1,1,26,686,9,71.8,130.4,106,1,117,30.9,3,0,2,0.1
0,0,0,0,0,0,0,0,0,0,0,0,0,0,0,0,0,0,0,0,0,0,0,0,9,0,0,0,0,0,0,0,4351,0,0,0,0,2,0,0,-52,5,57,40,0,0,0,0,0,0,0,0,0,0,0,0,0,0,0,0,0,0.1
0,0,0,0,0,0,0,0,0,0,0,0,0,0,0,0,0,0,0,0,0,0,0,0,17,0,0,0,0,0,0,0,6184,0,0,0,0,4,0,0,-247,4,251,40,0,0,0,0,0,0,0,0,0,0,0,0,0,0,0,0,0,0.1
1,24,1,0,2,28,1,1,14,61.8,3,0,0,0,0,0,9.4,29.2,4,0,0,90,0,2,5,0,0,0,0,5,0,0,51793,1,1,1,0,2,3,8,-4926,4215,9141,44,1,0,0,3,4,68,1326,20,392.5,358.6,277,6,273,102.6,5,0,2,0.8
0,3,0,0,0,3,0,0,1,0,0,0,0,1,0,0,0.7,5.2,0,0,0,10,0,0,3,0,0,0,0,1,0,0,1078,1,1,0,2,0,2,1,-3,22,25,45,0,0,0,1,1,24,365,6,87.7,90.4,89,0,80,26.7,1,0,1,0
0,0,0,0,0,0,0,0,0,0,0,0,0,0,0,0,0,0,0,0,0,0,0,0,10,0,0,0,0,0,0,0,2573,0,0,0,0,4,0,0,-15,24,39,45,1,0,0,0,0,10,180,1,0,55.6,0,0,48,5.5,1,0,0,0
0,0,0,0,0,0,0,0,0,0,0,0,0,0,0,0,0,0,0,0,0,0,0,0,3,0,0,0,0,0,0,0,11792,0,0,0,2,0,0,0,-243,83,326,40,0,0,0,0,0,0,0,0,0,0,0,0,0,0,0,0,0,0.2
0,0,0,0,0,0,0,0,0,0,0,0,0,0,0,0,0,0,0,0,0,0,0,0,10,0,0,0,0,0,0,0,9842,0,0,0,0,4,0,0,-150,60,210,40,1,0,0,0,0,0,0,0,0,0,0,0,0,0,0,0,0,0.2
0,8,1,0,0,6,0,0,8,15.6,1,0,0,0,1,0,4.3,5.6,1,0,0,28,0,1,14,0,0,0,0,3,0,0,1914,4,0,0,1,2,22,1,-236,10,246,45,0,0,0,0,1,22,533,13,171.9,112.8,162,0,78,44.4,1,0,0,0
0,8,0,0,0,2,0,0,7,1.3,0,0,0,1,0,0,0.4,2.8,0,0,0,16,0,0,10,0,0,0,0,0,0,0,883,0,0,0,0,4,0,1,-11,21,32,45,1,0,0,0,0,11,201,1,19.8,31.4,12,0,36,6.5,2,0,0,0
0,0,0,0,0,0,0,0,0,0,0,0,0,0,0,0,0,0,0,0,0,0,0,0,8,0,0,0,0,0,0,0,5483,0,0,0,0,2,0,0,6,128,122,40,1,0,0,0,0,0,0,0,0,0,0,0,0,0,0,0,0,0.1
0,0,0,0,0,0,0,0,0,0,0,0,0,0,0,0,0,0,0,0,0,0,0,0,18,0,0,0,0,0,0,0,14458,0,0,0,1,0,0,0,-319,8,327,40,0,0,0,0,0,0,0,0,0,0,0,0,0,0,0,0,0,0.2
0,0,0,0,0,0,0,0,0,0,0,0,0,0,0,0,0,0,0,0,0,0,0,0,6,0,0,0,0,0,0,0,8027,0,0,0,0,2,0,0,-699,282,981,50,1,0,0,2,1,25,284,2,41.9,103.4,137,1,89,28.1,2,0,0,0.1
0,0,0,0,0,0,0,0,0,0,0,0,0,0,0,0,0,0,0,0,0,0,0,0,1,0,0,0,0,0,0,0,3914,0,0,0,1,0,0,0,-97,1,98,40,1,0,0,0,0,1,26,2,0.3,7.2,0,0,8,0.8,0,0,0,0.1
0,0,0,0,0,0,0,0,0,0,0,0,0,0,0,0,0,0,0,0,0,0,0,0,18,0,0,0,0,0,0,0,241,0,0,0,1,0,0,0,-1,2,3,45,0,0,0,0,0,0,0,0,0,0,0,0,0,0,0,0,0,0
0,0,0,0,0,0,0,0,0,0,0,0,0,0,0,0,0,0,0,0,0,0,0,0,18,0,0,0,0,0,0,0,5053,0,0,0,1,0,0,0,9,110,101,40,0,0,0,0,0,0,0,0,0,0,0,0,0,0,0,0,0,0.1
0,0,0,0,0,0,0,0,0,0,0,0,0,0,0,0,0,0,0,0,0,0,0,0,14,0,0,0,0,0,0,0,588,0,0,0,1,2,0,0,-10,4,14,45,0,0,0,0,0,0,0,0,0,0,0,0,0,0,0,0,0,0
0,0,0,0,0,0,0,0,0,0,0,0,0,0,0,0,0,0,0,0,0,0,0,0,14,0,0,0,0,0,0,0,726,0,0,0,1,2,0,0,-31,31,62,45,0,0,0,0,0,0,0,0,0,0,0,0,0,0,0,0,0,0
0,114,1,0,0,29,1,2,101,19,2,0,0,0,0,0,4.2,23.2,1,0,0,90,0,0,10,0,0,0,0,13,0,0,10375,1,0,0,0,4,0,5,-74,74,148,50,1,0,1,1,0,31,705,9,24.8,204.2,46,3,145,27.6,3,0,3,0.2
0,0,0,0,0,0,0,0,0,0,0,0,0,0,0,0,0,0,0,0,0,0,0,0,20,0,0,0,0,0,0,0,769,0,0,0,1,3,0,0,-14,16,30,50,1,0,0,1,1,13,134,3,27.4,62.6,127,0,46,21.6,0,0,1,0
0,0,0,0,0,0,0,0,0,0,0,0,0,0,0,0,0,0,0,0,0,0,0,0,5,0,0,0,0,0,0,0,7198,0,0,0,2,0,0,0,-85,298,383,45,1,0,0,0,0,0,0,0,0,0,0,0,0,0,0,0,0,0.1
0,0,0,0,0,0,0,0,0,0,0,0,0,0,0,0,0,0,0,0,0,0,0,0,18,0,0,0,0,0,0,0,2188,0,0,0,1,0,0,0,2,95,93,50,0,0,0,0,0,2,5,0,0,2,0,0,8,0.2,0,0,0,0
0,0,0,0,0,0,0,0,0,0,0,0,0,0,0,0,0,0,0,0,0,0,0,0,11,0,0,0,0,0,0,0,9742,0,0,0,1,0,0,0,-185,78,263,40,0,0,0,0,0,0,0,0,0,0,0,0,0,0,0,0,0,0.2
0,0,0,0,0,0,0,0,0,0,0,0,0,0,0,0,0,0,0,0,0,0,0,0,1,0,0,0,0,0,0,0,1144,0,0,0,1,0,0,0,-50,32,82,50,1,0,0,0,0,0,0,0,0,0,0,0,0,0,0,0,0,0
0,0,0,0,0,0,0,0,0,0,0,0,0,0,0,0,0,0,0,0,0,0,0,0,16,0,0,0,0,0,0,0,1546,0,0,0,1,3,0,0,-7,43,50,45,0,0,0,0,0,0,0,0,0,0,0,0,0,0,0,0,0,0
0,17,0,0,0,7,0,3,9,10.6,0,0,0,1,1,0,1.9,8.6,1,0,0,83,0,0,20,0,0,0,0,2,0,0,207968,0,0,0,1,3,0,2,77680,98670,20990,41,1,0,0,2,0,46,1427,22,100.4,277.8,116,0,209,49,3,1,3,3.3
0,0,0,0,0,0,0,0,0,0,0,0,0,0,0,0,0,0,0,0,0,0,0,0,6,0,0,0,0,0,0,0,142,0,0,0,0,2,0,0,-1,10,11,50,1,0,0,0,0,1,1,1,0,2,0,0,3,0.2,0,0,0,0
0,0,0,0,0,0,0,0,0,0,0,0,0,0,0,0,0,0,0,0,0,0,0,0,15,0,0,0,0,0,0,0,902,0,0,0,1,0,0,0,-11,5,16,40,1,0,0,0,0,0,0,0,0,0,0,0,0,0,0,0,0,0
0,0,0,0,0,0,0,0,0,0,0,0,0,0,0,0,0,0,0,0,0,0,0,0,5,0,0,0,0,0,0,0,294,0,0,0,2,0,0,0,-1,8,9,40,1,0,0,0,0,0,0,0,0,0,0,0,0,0,0,0,0,0
0,0,0,0,0,0,0,0,0,0,0,0,0,0,0,0,0,0,0,0,0,0,0,0,14,0,0,0,0,0,0,0,9647,0,0,0,1,2,0,0,-95,381,476,45,0,0,0,0,0,1,17,0,10.3,2,36,0,3,4.8,0,0,0,0.2
0,0,0,0,0,0,0,0,0,0,0,0,0,0,0,0,0,0,0,0,0,0,0,0,10,0,0,0,0,0,0,0,2435,0,0,0,0,4,0,0,20,98,78,40,1,0,0,0,0,0,0,0,0,0,0,0,0,0,0,0,0,0
0,0,0,0,0,0,0,0,0,0,0,0,0,0,0,0,0,0,0,0,0,0,0,0,20,0,0,0,0,0,0,0,230,0,0,0,1,3,0,0,3,10,7,45,1,0,0,0,0,1,1,0,0,0,0,0,3,0,0,0,0,0
0,0,0,0,0,0,0,0,0,0,0,0,0,0,0,0,0,0,0,0,0,0,0,0,18,0,0,0,0,0,0,0,888,0,0,0,1,0,0,0,-11,22,33,45,0,0,0,0,0,1,7,0,0,0,0,0,3,0,0,0,0,0
0,0,0,0,0,0,0,0,0,0,0,0,0,0,0,0,0,0,0,0,0,0,0,0,5,0,0,0,0,0,0,0,206,0,0,0,0,2,0,0,1,6,5,40,1,0,0,0,0,0,0,0,0,0,0,0,0,0,0,0,0,0
0,0,0,0,0,0,0,0,0,0,0,0,0,0,0,0,0,0,0,0,0,0,0,0,20,0,0,0,0,0,0,0,2824,0,0,0,1,3,0,0,-5,78,83,40,1,0,0,0,0,1,90,3,0,11.2,0,0,9,1.1,0,0,0,0
0,0,0,0,0,0,0,0,0,0,0,0,0,0,0,0,0,0,0,0,0,0,0,0,18,0,0,0,0,0,0,0,371,0,0,0,1,0,0,0,-4,16,20,45,0,0,0,0,0,1,2,1,0,1,0,0,3,0.1,0,0,0,0
0,0,0,0,0,0,0,0,0,0,0,0,0,0,0,0,0,0,0,0,0,0,0,0,16,0,0,0,0,0,0,0,2677,0,0,0,1,3,0,0,53,136,83,40,0,0,0,0,0,0,0,0,0,0,0,0,0,0,0,0,0,0
0,0,0,0,0,0,0,0,0,0,0,0,0,0,0,0,0,0,0,0,0,0,0,0,19,0,0,0,0,0,0,0,372,0,0,0,1,2,0,0,-6,12,18,50,1,0,0,0,0,1,9,1,0.3,5.2,17,0,3,2.3,0,0,0,0
0,0,0,0,0,0,0,0,0,0,0,0,0,0,0,0,0,0,0,0,0,0,0,0,14,0,0,0,0,0,0,0,14071,0,0,0,1,2,0,0,-2520,14,2534,50,0,0,0,0,2,14,243,2,86.6,49.8,28,0,61,16.4,1,0,0,0.2
0,0,0,0,0,0,0,0,0,0,0,0,0,0,0,0,0,0,0,0,0,0,0,0,20,0,0,0,0,0,0,0,152,0,0,0,1,3,0,0,1,14,13,45,1,0,0,0,0,4,110,1,2.6,15.8,24,0,12,4.2,0,0,0,0
0,26,0,0,0,4,0,0,21,29.6,1,0,0,0,1,0,7.4,15,2,0,0,79,0,1,15,0,0,0,0,4,0,0,20027,5,0,2,1,0,29,2,-9622,404,10026,55,1,0,0,0,3,33,909,15,201.9,117.8,471,0,104,78.9,1,0,0,0.3
0,0,0,0,0,0,0,0,0,0,0,0,0,0,0,0,0,0,0,0,0,0,0,0,5,0,0,0,0,0,0,0,133,0,0,0,2,0,0,0,6,14,8,45,1,0,0,0,0,0,0,0,0,0,0,0,0,0,0,0,0,0
0,0,0,0,0,0,0,0,0,0,0,0,0,0,0,0,0,0,0,0,0,0,0,0,3,0,0,0,0,0,0,0,6403,0,0,0,2,0,0,0,-7,392,399,45,0,0,0,0,0,2,31,0,0.6,1.2,2,0,4,0.4,0,0,0,0.1
0,0,0,0,0,0,0,0,0,0,0,0,0,0,0,0,0,0,0,0,0,0,0,0,20,0,0,0,0,0,0,0,9417,0,0,0,1,3,0,0,481,1324,843,45,1,0,0,0,0,4,32,1,0.3,0,0,0,6,0,0,0,0,0.2
1,18,1,0,3,36,1,0,16,40.4,3,0,0,0,0,1,12.6,64.6,3,0,0,82,1,0,8,0,0,0,0,4,0,0,22890,6,0,0,0,2,21,14,225,2893,2668,55,1,0,0,4,4,60,962,24,232.2,266.4,315,7,198,81.4,1,0,3,0.5
0,0,0,0,0,0,0,0,0,0,0,0,0,0,0,0,0,0,0,0,0,0,0,0,13,0,0,0,0,0,0,0,958,0,0,0,3,1,0,0,-16,29,45,40,1,0,0,0,0,0,0,0,0,0,0,0,0,0,0,0,0,0
0,0,0,0,0,0,0,0,0,0,0,0,0,0,0,0,0,0,0,0,0,0,0,0,11,0,0,0,0,0,0,0,57,0,0,0,1,0,0,0,3,6,3,45,0,0,0,0,0,0,0,0,0,0,0,0,0,0,0,0,0,0
0,0,0,0,0,0,0,0,0,0,0,0,0,0,0,0,0,0,0,0,0,0,0,0,10,0,0,0,0,0,0,0,1557,0,0,0,0,4,0,0,-24,33,57,45,1,0,0,0,0,0,0,0,0,0,0,0,0,0,0,0,0,0
0,11,0,0,0,3,0,1,9,1,0,0,0,0,0,0,0.6,2.8,0,0,0,34,0,0,12,0,0,0,0,3,0,0,147033,1,0,0,0,2,2,1,-113929,835,114764,93,0,0,0,3,0,36,757,12,177.8,151.4,408,5,126,73.6,3,0,0,2.1
0,53,0,0,0,22,1,8,41,0.3,0,0,0,0,0,0,1.7,16.8,0,0,0,90,0,0,3,0,0,0,0,3,0,0,3729,0,0,0,5,0,0,5,-564,218,782,45,0,0,1,0,0,20,731,14,3,143.8,16,0,125,16.4,2,0,1,0.1
0,0,0,0,0,0,0,0,0,0,0,0,0,0,0,0,0,0,0,0,0,0,0,0,18,0,0,0,0,0,0,0,497,0,0,0,1,0,0,0,-4,17,21,45,0,0,0,0,0,3,120,2,14.1,21.6,8,0,12,4.4,0,0,0,0
0,0,0,0,0,0,0,0,0,0,0,0,0,0,0,0,0,0,0,0,0,0,0,0,5,0,0,0,0,0,0,0,289,0,0,0,2,0,0,0,15,36,21,45,1,0,0,0,0,0,0,0,0,0,0,0,0,0,0,0,0,0
0,0,0,0,0,0,0,0,0,0,0,0,0,0,0,0,0,0,0,0,0,0,0,0,5,0,0,0,0,0,0,0,146,0,0,0,0,2,0,0,-26,12,38,45,1,0,0,0,0,0,0,0,0,0,0,0,0,0,0,0,0,0
0,0,0,0,0,0,0,0,0,0,0,0,0,0,0,0,0,0,0,0,0,0,0,0,13,0,0,0,0,0,0,0,772,0,0,0,3,1,0,0,-20,32,52,40,1,0,0,0,0,0,0,0,0,0,0,0,0,0,0,0,0,0
0,21,0,0,0,3,0,0,19,3.8,3,0,0,1,4,0,2.2,0,0,0,0,90,0,0,17,0,0,0,0,5,0,0,8432,4,0,2,0,4,18,2,1753,3724,1971,50,0,0,0,2,2,32,578,15,81.9,92.8,213,3,94,38.8,1,0,0,0.1
0,0,0,0,0,0,0,0,0,0,0,0,0,0,0,0,0,0,0,0,0,0,0,0,18,0,0,0,0,0,0,0,5176,0,0,0,1,0,0,0,-334,64,398,57,0,0,0,0,0,4,67,1,4.8,8.4,0,0,11,1.4,0,0,0,0.1
0,26,0,0,0,7,1,2,17,4.3,0,0,0,1,0,0,6.9,7,0,0,0,77,1,0,11,0,0,0,0,9,0,0,52523,2,1,1,1,0,58,3,-16179,556,16735,60,0,0,0,0,2,26,695,10,175.3,98,202,0,93,47.5,3,0,0,0.8
0,0,0,0,0,0,0,0,0,0,0,0,0,0,0,0,0,0,0,0,0,0,0,0,11,0,0,0,0,0,0,0,474,0,0,0,1,0,0,0,2,48,46,41,0,0,0,0,0,1,4,0,0,0.2,0,0,3,0,0,0,0,0
0,16,0,0,0,9,0,4,8,0.2,0,0,0,1,0,0,0.8,8.2,0,0,0,35,0,0,3,0,0,0,0,3,0,0,400,0,2,0,2,0,0,1,16,41,25,44,0,0,0,0,0,5,284,9,15.9,49.4,18,0,43,8.2,0,0,1,0
0,0,0,0,0,0,0,0,0,0,0,0,0,0,0,0,0,0,0,0,0,0,0,0,5,0,0,0,0,0,0,0,66483,0,0,0,0,2,0,0,-10109,281,10390,45,1,0,0,0,1,7,73,2,1.3,7.4,87,0,21,9.4,0,0,1,1
0,89,1,0,0,11,0,2,77,20.8,0,0,0,1,1,0,4.2,11.6,1,0,0,90,0,0,15,0,0,0,0,12,0,0,169005,4,0,0,1,0,10,1,12498,36575,24077,61,1,0,1,2,4,44,743,11,211.4,214.6,165,5,190,59.2,1,0,2,2.3
0,0,0,0,0,0,0,0,0,0,0,0,0,0,0,0,0,0,0,0,0,0,0,0,13,0,0,0,0,0,0,0,91267,0,0,0,3,1,0,0,-41587,907,42494,65,1,0,0,2,1,29,588,7,32.8,101.2,263,2,83,39.3,3,0,0,1.3
0,0,0,0,0,0,0,0,0,0,0,0,0,0,0,0,0,0,0,0,0,0,0,0,8,0,0,0,0,0,0,0,364,0,0,0,0,2,0,0,-5,15,20,45,1,0,0,0,1,7,360,10,31.4,91.6,0,0,67,12.3,0,0,0,0
0,0,0,0,0,0,0,0,0,0,0,0,0,0,0,0,0,0,0,0,0,0,0,0,8,0,0,0,0,0,0,0,546,0,0,0,0,2,0,0,-31,25,56,48,1,0,0,0,0,1,45,1,13,6.2,4,0,3,2.3,0,0,0,0
0,0,0,0,0,0,0,0,0,0,0,0,0,0,0,0,0,0,0,0,0,0,0,0,20,0,0,0,0,0,0,0,1089,0,0,0,1,3,0,0,24,76,52,40,1,0,0,0,0,0,0,0,0,0,0,0,0,0,0,0,0,0
0,0,0,0,0,0,0,0,0,0,0,0,0,0,0,0,0,0,0,0,0,0,0,0,16,0,0,0,0,0,0,0,2465,0,0,0,1,3,0,0,154,296,142,40,0,0,0,0,0,0,0,0,0,0,0,0,0,0,0,0,0,0
0,0,0,0,0,0,0,0,0,0,0,0,0,0,0,0,0,0,0,0,0,0,0,0,6,0,0,0,0,0,0,0,328,0,0,0,0,2,0,0,7,21,14,45,1,0,0,0,0,0,0,0,0,0,0,0,0,0,0,0,0,0
0,0,0,0,0,0,0,0,0,0,0,0,0,0,0,0,0,0,0,0,0,0,0,0,17,0,0,0,0,0,0,0,965,0,0,0,0,4,0,0,16,61,45,40,0,0,0,0,0,0,0,0,0,0,0,0,0,0,0,0,0,0
0,0,0,0,0,0,0,0,0,0,0,0,0,0,0,0,0,0,0,0,0,0,0,0,3,0,0,0,0,0,0,0,7280,0,0,0,5,0,0,0,-92,394,486,45,0,0,0,0,0,1,10,0,1.5,0,4,0,2,0.6,0,0,0,0.1
0,0,0,0,0,0,0,0,0,0,0,0,0,0,0,0,0,0,0,0,0,0,0,0,3,0,0,0,0,0,0,0,188,0,0,0,5,0,0,0,-13,15,28,45,0,0,0,0,0,0,0,0,0,0,0,0,0,0,0,0,0,0
0,0,0,0,0,0,0,0,0,0,0,0,0,0,0,0,0,0,0,0,0,0,0,0,17,0,0,0,0,0,0,0,151,0,0,0,0,4,0,0,6,26,20,40,0,0,0,0,0,1,45,0,1.6,3.8,0,0,1,0.5,0,0,0,0
0,0,0,0,0,0,0,0,0,0,0,0,0,0,0,0,0,0,0,0,0,0,0,0,19,0,0,0,0,0,0,0,54,0,0,0,1,2,0,0,5,9,4,45,1,0,0,0,0,1,1,0,0,0,0,0,3,0,0,0,0,0
0,0,0,0,0,0,0,0,0,0,0,0,0,0,0,0,0,0,0,0,0,0,0,0,19,0,0,0,0,0,0,0,164,0,0,0,1,2,0,0,-8,18,26,45,1,0,0,0,0,1,1,0,0,0,0,0,3,0,0,0,0,0
0,0,0,0,0,0,0,0,0,0,0,0,0,0,0,0,0,0,0,0,0,0,0,0,7,0,0,0,0,0,0,0,694,0,0,0,3,1,0,0,32,96,64,40,0,0,0,0,0,0,0,0,0,0,0,0,0,0,0,0,0,0
0,0,0,0,0,0,0,0,0,0,0,0,0,0,0,0,0,0,0,0,0,0,0,0,14,0,0,0,0,0,0,0,1113,0,0,0,1,2,0,0,3,98,95,40,0,0,0,0,0,2,62,1,0.4,7.8,0,0,6,0.8,0,0,0,0
0,0,0,0,0,0,0,0,0,0,0,0,0,0,0,0,0,0,0,0,0,0,0,0,17,0,0,0,0,0,0,0,74,0,0,0,0,4,0,0,6,14,8,45,0,0,0,0,0,0,0,0,0,0,0,0,0,0,0,0,0,0
0,0,0,0,0,0,0,0,0,0,0,0,0,0,0,0,0,0,0,0,0,0,0,0,17,0,0,0,0,0,0,0,30,0,0,0,0,4,0,0,0,6,6,45,0,0,0,0,0,2,68,1,1.2,0,0,0,-2,0,0,0,0,0
0,1,0,0,0,2,0,1,1,0.3,0,0,0,0,0,0,0.1,1,0,0,0,15,0,0,19,0,0,0,0,0,0,0,3414,1,0,0,1,2,0,1,113,641,528,45,1,0,0,0,0,2,25,0,1.2,1.4,2,0,4,0.4,0,0,0,0.1
0,0,0,0,0,0,0,0,0,0,0,0,0,0,0,0,0,0,0,0,0,0,0,0,13,0,0,0,0,0,0,0,131,0,0,0,3,1,0,0,91,128,37,40,1,0,0,0,0,0,0,0,0,0,0,0,0,0,0,0,0,0
0,0,0,0,0,0,0,0,0,0,0,0,0,0,0,0,0,0,0,0,0,0,0,0,8,0,0,0,0,0,0,0,0,0,0,0,0,2,0,0,0,0,0,40,1,0,0,0,0,0,0,0,0,0,0,0,0,0,0,0,0,0.1
0,0,0,0,0,0,0,0,0,0,0,0,0,0,0,0,0,0,0,0,0,0,0,0,14,0,0,0,0,0,0,0,0,0,0,0,1,2,0,0,0,0,0,40,0,0,0,0,0,0,0,0,0,0,0,0,0,0,0,0,0,0.1
0,0,0,0,0,0,0,0,0,0,0,0,0,0,0,0,0,0,0,0,0,0,0,0,10,0,0,0,0,0,0,0,0,0,0,0,0,4,0,0,0,0,0,45,1,0,0,0,0,0,0,0,0,0,0,0,0,0,0,0,0,0
